Line,Pre-Weight,Recipe,Location,Wet Weight,Wet Result,Wet Pass/Fail,Dry Weight,WPP,Pass/Fail,Passes,Flow,Size
S008,45.414,38,D,46.313,890,FAIL,46.298,306,1,138,89.935,38
S008,45.414,38,D,46.303,880,PASS,46.289,303,1,138,89.936,38
S008,45.558,38,A,46.455,888,PASS,46.439,305,1,138,89.925,38
S008,45.394,38,C,46.253,850,PASS,46.234,291,1,138,91.378,38
S008,45.543,38,C,46.444,892,FAIL,46.427,306,1,138,91.384,38
S008,45.396,38,B,46.218,814,PASS,46.204,280,1,138,91.392,38
S008,45.67,38,B,46.523,844,PASS,46.513,292,1,138,91.472,38
S008,45.413,38,D,46.279,857,PASS,46.265,295,1,138,90.014,38
S008,45.359,38,D,46.24,872,PASS,46.229,301,1,138,89.937,38
S008,45.603,38,A,46.487,875,PASS,46.47,300,1,138,89.925,38
S008,45.411,38,A,46.277,857,PASS,46.269,297,1,138,89.975,38
S008,45.437,38,A,46.334,888,PASS,46.316,305,1,134,101.523,38
S008,45.397,38,A,46.244,838,PASS,46.231,289,1,132,101.525,38
S008,45.522,38,B,46.37,839,PASS,46.355,289,1,138,91.376,38
S008,45.644,38,B,46.503,850,PASS,46.488,292,1,138,91.396,38
S008,45.396,38,B,46.239,834,PASS,46.225,287,1,134,98.923,38
S008,45.366,38,C,46.227,852,PASS,46.207,291,1,134,98.917,38
S008,45.604,38,C,46.492,879,PASS,46.473,301,1,138,91.382,38
S008,45.319,38,C,46.244,916,FAIL,46.226,314,0,138,91.434,38
S006,43.759,38,D,44.602,834,PASS,44.582,285,1,142,98.36,38
S006,44.511,38,C,45.412,892,FAIL,45.393,306,1,142,116.87,38
S006,44.446,38,B,45.26,806,PASS,45.244,276,1,142,116.894,38
S006,43.741,38,A,44.648,898,FAIL,44.629,308,1,142,98.352,38
S006,44.461,38,B,45.297,827,PASS,45.276,282,1,142,116.853,38
S006,43.92,38,C,44.773,844,PASS,44.758,290,1,142,116.874,38
S006,44.45,38,D,45.306,847,PASS,45.286,290,1,142,98.369,38
S006,43.922,38,A,44.812,881,PASS,44.801,305,1,142,98.348,38
S006,44.488,38,D,45.352,855,PASS,45.329,291,1,142,98.355,38
S006,43.589,38,C,44.479,881,PASS,44.458,301,1,142,116.89,38
S006,44.275,38,B,45.102,819,PASS,45.088,282,1,142,116.897,38
S006,43.894,38,A,44.789,886,PASS,44.769,303,1,142,98.375,38
S006,44.167,38,C,45.011,835,PASS,44.996,287,1,142,116.888,38
S006,43.808,38,D,44.702,885,PASS,44.674,300,1,142,98.346,38
S006,44.445,38,A,45.365,911,FAIL,45.343,311,1,142,98.358,38
S006,44.519,38,A,45.414,886,PASS,45.399,305,1,142,98.362,38
S006,44.473,38,C,45.362,880,PASS,45.334,298,1,148,82.399,38
S006,44.377,38,D,45.264,878,PASS,45.243,300,1,148,87.862,38
S006,44.479,38,A,45.397,909,FAIL,45.375,310,1,148,87.875,38
S006,43.671,38,A,44.541,861,PASS,44.523,295,1,148,87.871,38
S006,44.561,38,C,45.45,880,PASS,45.432,302,1,148,82.387,38
S006,44.468,38,D,45.38,903,FAIL,45.358,308,1,148,87.862,38
S006,44.533,38,D,45.397,855,PASS,45.381,294,1,142,96.904,38
S006,44.641,38,C,45.579,928,FAIL,45.56,318,0,142,116.902,38
S006,44.608,38,B,45.504,887,PASS,45.487,305,1,142,116.867,38
S006,44.598,38,A,45.49,883,PASS,45.474,303,1,142,96.901,38
S006,43.852,38,D,44.693,832,PASS,44.678,286,1,142,96.904,38
S006,43.908,38,C,44.81,893,FAIL,44.793,307,1,142,116.889,38
S006,44.624,38,B,45.508,875,PASS,45.487,299,1,142,116.889,38
S006,44.539,38,A,45.418,870,PASS,45.399,298,1,142,96.9,38
S006,44.097,38,D,44.94,834,PASS,44.921,285,1,142,96.891,38
S006,43.764,38,C,44.664,891,FAIL,44.645,305,1,142,116.874,38
S006,43.694,38,C,44.566,863,PASS,44.549,296,1,142,116.899,38
S006,44.496,38,D,45.339,834,PASS,45.324,287,1,142,96.904,38
S006,44.54,38,A,45.419,870,PASS,45.408,301,1,142,96.901,38
S006,43.692,38,B,44.557,856,PASS,44.539,293,1,142,116.876,38
S006,43.6,38,D,44.445,836,PASS,44.426,286,1,142,96.894,38
S006,44.092,38,D,44.929,828,PASS,44.914,285,1,142,96.915,38
S006,44.324,38,A,45.22,887,PASS,45.202,304,1,142,96.905,38
S006,43.664,38,B,44.555,882,PASS,44.529,300,1,142,116.426,38
S006,43.691,38,C,44.574,874,PASS,44.559,301,1,142,116.624,38
S006,43.762,38,C,44.643,872,PASS,44.622,298,1,142,116.782,38
S006,43.553,38,B,44.398,836,PASS,44.378,286,1,142,116.845,38
S006,43.658,38,B,44.533,866,PASS,44.516,297,1,142,116.842,38
S006,44.588,38,C,45.456,859,PASS,45.44,295,1,148,82.412,38
S006,44.132,38,D,45.006,865,PASS,44.985,296,1,148,87.87,38
S006,44.294,38,A,45.194,891,FAIL,45.163,301,1,148,87.879,38
S006,44.597,38,B,45.46,854,PASS,45.438,291,1,148,82.398,38
S006,44.47,38,B,45.322,843,PASS,45.302,288,1,148,82.402,38
S006,44.153,38,B,44.992,830,PASS,44.976,285,1,148,82.415,38
S006,44.375,38,C,45.265,881,PASS,45.246,302,1,148,82.408,38
S006,43.619,38,D,44.503,875,PASS,44.483,299,1,148,87.885,38
S006,44.551,38,C,45.458,898,FAIL,45.439,308,1,148,82.4,38
S006,44.631,38,D,45.521,881,PASS,45.498,300,1,148,87.867,38
S006,44.369,38,A,45.248,870,PASS,45.219,294,1,148,87.873,38
S006,44.402,38,A,45.324,913,FAIL,45.302,312,1,148,87.871,38
S006,44.491,38,B,45.357,857,PASS,45.344,296,1,148,82.421,38
S006,44.467,38,C,45.339,863,PASS,45.324,297,1,148,82.408,38
S006,44.572,38,D,45.456,875,PASS,45.436,299,1,148,87.868,38
S006,44.419,38,A,45.284,856,PASS,45.267,294,1,148,87.88,38
S006,43.667,38,B,44.537,861,PASS,44.518,295,1,148,82.414,38
S006,44.448,38,A,45.33,873,PASS,45.308,298,1,148,87.891,38
S006,44.457,38,D,45.34,874,PASS,45.321,299,1,148,87.89,38
S006,44.275,38,C,45.163,879,PASS,45.143,301,1,148,82.426,38
S006,44.001,38,B,44.827,818,PASS,44.813,281,1,148,82.399,38
S006,44.177,38,A,45.048,862,PASS,45.033,297,1,148,87.879,38
S006,43.648,38,A,44.501,844,PASS,44.492,292,1,146,87.876,38
S006,43.698,38,B,44.514,808,PASS,44.503,279,1,146,82.421,38
S006,43.602,38,C,44.491,880,PASS,44.476,303,1,142,115.361,38
S006,43.571,38,C,44.457,877,PASS,44.441,301,1,142,115.358,38
S006,44.529,38,A,45.403,865,PASS,45.385,297,1,142,96.898,38
S006,43.62,38,A,44.497,868,PASS,44.48,298,1,142,96.913,38
S006,43.546,38,C,44.423,868,PASS,44.409,299,1,142,115.365,38
S006,43.391,38,D,44.222,823,PASS,44.207,283,1,142,96.898,38
S006,43.584,38,B,44.448,855,PASS,44.433,294,1,142,115.375,38
S006,43.649,38,B,44.492,834,PASS,44.48,288,1,142,115.385,38
S006,44.534,38,D,45.395,852,PASS,45.374,291,1,142,96.897,38
S006,44.006,38,C,44.923,908,FAIL,44.902,310,1,142,115.373,38
S006,44.584,38,B,45.443,850,PASS,45.428,292,1,142,115.393,38
S006,43.61,38,A,44.483,864,PASS,44.469,298,1,142,96.904,38
S006,43.603,38,B,44.481,869,PASS,44.466,299,1,142,115.387,38
S006,43.66,38,B,44.533,864,PASS,44.519,298,1,142,115.378,38
S006,43.263,38,D,44.068,797,FAIL,44.057,275,1,142,96.89,38
S006,43.559,38,D,44.389,822,PASS,44.376,283,1,142,96.901,38
S006,44.002,38,B,44.865,854,PASS,44.855,296,1,142,115.388,38
S006,44.359,38,A,45.225,857,PASS,45.204,293,1,142,96.906,38
S006,44.484,38,D,45.338,845,PASS,45.321,290,1,142,96.891,38
S006,43.982,38,C,44.876,885,PASS,44.867,307,1,142,115.384,38
S006,43.955,38,A,44.843,879,PASS,44.823,301,1,146,87.86,38
S006,43.093,38,A,43.932,830,PASS,43.916,285,1,146,87.854,38
S006,43.706,38,A,44.584,869,PASS,44.565,298,1,146,87.868,38
S006,43.917,38,B,44.721,796,FAIL,44.703,272,1,146,82.377,38
S006,44.009,38,C,44.84,823,PASS,44.819,281,1,146,82.378,38
S006,43.845,38,B,44.654,801,FAIL,44.638,275,1,146,83.097,38
S006,43.717,38,D,44.556,830,PASS,44.539,285,1,146,87.854,38
S006,43.831,38,B,44.652,813,PASS,44.637,279,1,146,82.406,38
S006,43.898,38,C,44.709,803,FAIL,44.7,278,1,146,82.377,38
S006,43.922,38,A,44.774,843,PASS,44.76,290,1,146,87.857,38
S006,44.637,38,D,45.523,877,PASS,45.485,294,1,146,87.854,38
S006,43.955,38,A,44.821,857,PASS,44.805,294,1,146,87.853,38
S006,44.136,38,C,44.977,832,PASS,44.957,284,1,146,82.395,38
S006,43.914,38,B,44.732,810,PASS,44.718,279,1,146,82.396,38
S006,43.736,38,A,44.595,850,PASS,44.577,291,1,146,87.853,38
S006,43.505,38,B,44.343,829,PASS,44.329,285,1,146,82.376,38
S006,43.963,38,C,44.788,817,PASS,44.772,280,1,146,82.392,38
S006,43.928,38,A,44.786,849,PASS,44.771,292,1,146,87.866,38
S006,43.585,38,D,44.458,864,PASS,44.446,298,1,146,87.859,38
S006,43.935,38,D,44.792,848,PASS,44.777,292,1,146,87.861,38
S006,43.913,38,A,44.799,877,PASS,44.775,299,1,142,96.893,38
S006,43.187,38,A,43.969,774,FAIL,43.953,265,0,142,96.913,38
S006,44.606,38,D,45.495,880,PASS,45.477,302,1,146,87.849,38
S006,44.571,38,C,45.41,830,PASS,45.397,286,1,146,83.099,38
S006,44.044,38,C,44.868,816,PASS,44.856,281,1,142,114.695,38
S006,44.414,38,D,45.264,841,PASS,45.247,289,1,146,87.864,38
S006,44.387,38,C,45.186,791,FAIL,45.175,273,1,146,83.12,38
S006,43.801,38,C,44.643,833,PASS,44.629,287,1,142,114.854,38
S006,44.518,38,D,45.407,880,PASS,45.391,302,1,142,96.894,38
S006,44.34,38,B,45.165,817,PASS,45.149,280,1,142,115.384,38
S006,43.938,38,B,44.711,765,FAIL,44.704,265,0,142,114.973,38
S006,44.571,38,D,45.419,839,PASS,45.405,289,1,142,96.895,38
S006,44.484,38,C,45.364,871,PASS,45.347,299,1,142,114.951,38
S006,43.934,38,A,44.809,866,PASS,44.775,291,1,142,96.906,38
S006,43.948,38,C,44.835,878,PASS,44.818,301,1,142,115.36,38
S006,44.366,38,A,45.223,848,PASS,45.204,290,1,142,96.915,38
S006,43.949,38,D,44.777,820,PASS,44.762,282,1,142,96.901,38
S006,44.379,38,C,45.249,861,PASS,45.235,297,1,142,115.366,38
S006,43.832,38,D,44.673,832,PASS,44.658,286,1,142,96.893,38
S006,44.434,38,B,45.273,830,PASS,45.26,286,1,142,115.381,38
S006,43.952,38,B,44.812,851,PASS,44.799,293,1,142,114.951,38
S006,44.561,38,D,45.432,862,PASS,45.415,296,1,142,96.912,38
S006,43.619,38,D,44.467,839,PASS,44.448,287,1,142,96.888,38
S006,43.814,38,A,44.677,854,PASS,44.661,293,1,146,87.851,38
S006,43.85,38,A,44.697,838,PASS,44.679,287,1,146,87.848,38
S006,44.366,38,A,45.197,823,PASS,45.177,281,1,146,87.868,38
S006,44.436,38,D,45.299,854,PASS,45.279,292,1,146,87.85,38
S006,43.75,38,B,44.58,822,PASS,44.561,281,1,146,83.152,38
S006,43.812,38,B,44.617,797,FAIL,44.598,272,1,146,84.368,38
S006,44.371,38,B,45.134,755,FAIL,45.132,264,0,146,84.432,38
S006,44.015,38,D,44.861,837,PASS,44.844,287,1,146,87.847,38
S006,43.311,38,D,44.145,826,PASS,44.125,282,1,146,87.86,38
S006,43.852,38,D,44.705,844,PASS,44.688,290,1,146,87.856,38
S006,43.604,38,C,44.436,824,PASS,44.429,286,1,146,86.325,38
S006,44.477,38,C,45.219,734,FAIL,45.207,253,0,146,84.416,38
S006,44.33,38,C,45.111,773,FAIL,45.103,268,0,146,83.11,38
S006,43.942,38,C,44.802,851,PASS,44.782,291,1,146,84.411,38
S006,44.514,38,C,45.334,812,PASS,45.319,279,1,146,83.143,38
S006,43.793,38,A,44.673,871,PASS,44.661,301,1,142,96.917,38
S006,44.022,38,B,44.89,859,PASS,44.875,296,1,142,115.878,38
S006,44.437,38,B,45.306,860,PASS,45.287,294,1,142,115.873,38
S006,43.945,38,D,44.756,803,FAIL,44.74,275,1,142,96.885,38
S006,44.522,38,C,45.448,917,FAIL,45.429,314,0,142,115.86,38
S006,44.499,38,A,45.24,733,FAIL,45.235,255,0,142,96.892,38
S006,44.561,38,A,45.381,812,PASS,45.361,277,1,142,96.904,38
S006,44.31,38,D,45.142,824,PASS,45.124,282,1,142,96.897,38
S006,43.764,38,B,44.656,883,PASS,44.628,299,1,142,114.957,38
S006,43.755,38,D,44.601,837,PASS,44.588,289,1,142,96.898,38
S006,43.722,38,B,44.579,848,PASS,44.559,290,1,142,115.892,38
S006,44.082,38,D,44.915,825,PASS,44.898,283,1,142,96.91,38
S006,44.268,38,B,45.134,857,PASS,45.124,297,1,142,115.877,38
S006,44.425,38,C,45.288,854,PASS,45.274,294,1,142,114.94,38
S006,43.584,38,C,44.499,906,FAIL,44.476,309,1,142,114.816,38
S006,44.304,38,C,45.158,845,PASS,45.139,289,1,142,114.844,38
S006,44.353,38,B,45.183,822,PASS,45.167,282,1,146,86.371,38
S006,44.384,38,B,45.192,800,FAIL,45.177,275,1,146,86.363,38
S006,44.403,38,B,45.215,804,FAIL,45.195,274,1,146,86.377,38
S006,44.225,38,C,45.068,834,PASS,45.053,287,1,146,86.361,38
S006,43.545,38,C,44.45,896,FAIL,44.427,306,1,142,115.853,38
S006,44.648,38,A,45.525,868,PASS,45.505,297,1,146,87.876,38
S006,44.467,38,A,45.343,867,PASS,45.323,297,1,146,87.881,38
S006,43.897,38,B,44.742,836,PASS,44.727,288,1,142,115.882,38
S006,44.538,38,A,45.422,875,PASS,45.409,302,1,146,87.891,38
S006,43.71,38,C,44.521,803,FAIL,44.514,279,1,146,86.375,38
S006,43.759,38,B,44.567,800,FAIL,44.551,274,1,146,86.348,38
S006,44.437,38,D,45.272,827,PASS,45.255,283,1,142,96.904,38
S006,44.47,38,D,45.332,853,PASS,45.319,294,1,146,87.871,38
S006,44.459,38,B,45.329,861,PASS,45.317,297,1,146,86.385,38
S006,44.328,38,A,45.193,856,PASS,45.175,293,1,146,87.906,38
S006,44.269,38,D,45.107,829,PASS,45.094,286,1,146,87.901,38
S006,43.949,38,B,44.835,877,PASS,44.822,302,1,142,115.887,38
S006,44.419,38,D,45.259,831,PASS,45.248,287,1,142,96.892,38
S006,44.517,38,C,45.427,901,FAIL,45.414,311,1,142,115.866,38
S006,46.556,38,A,47.351,787,FAIL,47.337,271,0,146,88.455,38
S006,44.317,38,B,45.077,752,FAIL,45.115,276,1,146,83.879,38
S006,44.692,38,C,45.603,902,FAIL,45.595,313,1,144,116.034,38
S006,44.549,38,D,45.412,854,PASS,45.391,292,1,144,98.387,38
S006,44.422,38,A,45.281,850,PASS,45.271,294,1,144,98.372,38
S006,44.508,38,A,45.438,921,FAIL,45.406,311,1,144,98.389,38
S006,44.549,38,B,45.423,865,PASS,45.409,298,1,144,117.504,38
S006,44.482,38,B,45.329,838,PASS,45.323,291,1,144,115.899,38
S006,44.572,38,D,45.41,829,PASS,45.398,286,1,144,98.384,38
S006,44.282,38,C,45.226,934,FAIL,45.21,321,0,144,117.42,38
S006,44.601,38,A,45.469,859,PASS,45.455,296,1,148,87.895,38
S006,43.616,38,A,44.42,796,FAIL,44.414,276,1,148,87.898,38
S006,44.52,38,D,45.092,566,FAIL,45.087,196,0,148,87.902,38
S006,44.504,38,C,45.354,841,PASS,45.342,290,1,148,82.384,38
S006,44.4,38,B,45.293,884,PASS,45.268,301,1,148,82.417,38
S006,43.659,38,B,44.522,854,PASS,44.518,298,1,148,82.395,38
S006,43.751,38,D,44.64,880,PASS,44.622,302,1,148,87.9,38
S006,43.652,38,C,44.463,803,FAIL,44.445,275,1,148,82.411,38
S006,44.325,38,D,45.184,850,PASS,45.168,292,1,142,98.352,38
S006,44.425,38,C,45.294,860,PASS,45.278,296,1,142,116.873,38
S006,44.046,38,A,44.873,819,PASS,44.858,281,1,142,98.363,38
S006,43.607,38,B,44.437,822,PASS,44.419,281,1,142,116.9,38
S006,44.544,38,B,45.44,887,PASS,45.423,305,1,148,82.4,38
S006,43.979,38,B,44.854,866,PASS,44.839,298,1,148,82.407,38
S006,43.844,38,B,44.706,853,PASS,44.68,290,1,148,82.4,38
S006,43.667,38,C,44.529,853,PASS,44.508,291,1,148,82.404,38
S006,44.403,38,A,45.284,872,PASS,45.266,299,1,148,87.877,38
S006,44.465,38,D,45.346,872,PASS,45.326,298,1,148,87.87,38
S006,44.532,38,B,45.412,871,PASS,45.362,288,1,148,82.401,38
S006,43.864,38,C,44.742,869,PASS,44.725,298,1,148,82.416,38
S006,44.502,38,C,45.349,838,PASS,45.332,288,1,148,82.401,38
S006,43.756,38,B,44.609,844,PASS,44.592,290,1,148,82.375,38
S006,44.548,38,C,45.454,897,FAIL,45.431,306,1,148,82.399,38
S006,44.383,38,D,45.256,864,PASS,45.24,297,1,148,87.866,38
S006,44.022,38,B,44.874,843,PASS,44.857,289,1,148,82.415,38
S006,44.527,38,A,45.429,893,FAIL,45.409,306,1,148,87.86,38
S006,44.37,38,C,45.247,868,PASS,45.228,297,1,148,82.402,38
S006,44.506,38,D,45.372,857,PASS,45.355,294,1,148,87.873,38
S006,44.564,38,A,45.461,888,PASS,45.443,305,1,148,87.871,38
S006,44.613,38,B,45.459,837,PASS,45.443,288,1,148,82.401,38
S006,43.909,38,B,44.72,803,FAIL,44.711,278,1,142,117.586,38
S006,43.622,38,C,44.519,888,PASS,44.502,305,1,142,117.426,38
S006,44.535,38,D,45.42,876,PASS,45.403,301,1,142,98.378,38
S006,44.325,38,B,45.137,804,FAIL,45.123,276,1,142,116.899,38
S006,44.599,38,B,45.493,885,PASS,45.474,303,1,142,116.882,38
S006,44.347,38,A,45.234,878,PASS,45.225,304,1,142,96.901,38
S006,44.677,38,D,45.531,845,PASS,45.514,290,1,142,98.345,38
S006,44.266,38,C,45.192,917,FAIL,45.17,313,1,142,116.874,38
S006,44.617,38,A,45.506,880,PASS,45.477,298,1,142,96.904,38
S006,44.157,38,A,45.046,880,PASS,45.024,300,1,142,98.363,38
S006,44.557,38,C,45.383,818,PASS,45.368,281,1,142,116.859,38
S006,44.569,38,D,45.417,839,PASS,45.4,288,1,142,96.961,38
S006,43.663,38,A,44.507,835,PASS,44.491,287,1,142,96.965,38
S006,43.869,38,B,44.692,815,PASS,44.676,280,1,142,116.888,38
S006,44.554,38,C,45.44,877,PASS,45.419,300,1,148,82.407,38
S006,43.614,38,B,44.436,814,PASS,44.42,279,1,148,82.416,38
S006,43.664,38,A,44.573,900,FAIL,44.551,307,1,148,87.869,38
S006,43.554,38,D,44.394,831,PASS,44.379,286,1,148,87.881,38
S006,44.307,38,B,45.173,857,PASS,45.157,294,1,142,116.904,38
S006,43.712,38,A,44.575,854,PASS,44.585,302,1,142,96.912,38
S006,44.557,38,C,45.46,894,FAIL,45.452,310,1,142,116.87,38
S006,44.511,38,C,45.417,897,FAIL,45.396,307,1,142,116.923,38
S006,43.778,38,B,44.652,865,PASS,44.637,298,1,142,116.904,38
S006,43.649,38,A,44.522,864,PASS,44.516,300,1,142,96.903,38
S006,43.651,38,D,44.483,824,PASS,44.475,285,1,142,96.891,38
S006,44.521,38,D,45.337,808,PASS,45.325,279,1,142,96.914,38
S006,44.3,38,C,45.181,872,PASS,45.159,298,1,148,82.403,38
S006,43.596,38,D,44.469,864,PASS,44.446,294,1,148,87.857,38
S006,43.658,38,A,44.546,879,PASS,44.529,302,1,148,87.885,38
S006,44.629,38,B,45.478,840,PASS,45.459,288,1,148,82.41,38
S006,44.29,38,D,45.162,863,PASS,45.139,294,1,148,87.859,38
S006,44.01,38,C,44.896,877,PASS,44.879,301,1,148,82.404,38
S006,43.828,38,C,44.656,820,PASS,44.638,281,1,146,82.441,38
S006,44.009,38,D,44.851,833,PASS,44.832,285,1,146,87.844,38
S006,43.927,38,A,44.786,850,PASS,44.775,294,1,146,87.859,38
S006,44.114,38,A,44.951,828,PASS,44.947,289,1,146,87.899,38
S006,44.532,38,C,45.393,852,PASS,45.377,293,1,146,82.385,38
S006,43.674,38,D,44.534,851,PASS,44.515,291,1,146,87.857,38
S006,44.307,38,B,45.134,819,PASS,45.126,284,1,146,82.482,38
S006,43.694,38,A,44.557,854,PASS,44.547,296,1,146,87.884,38
S006,43.855,38,C,44.754,890,FAIL,44.747,309,1,146,82.408,38
S006,44.532,38,D,45.404,863,PASS,45.399,300,1,146,87.889,38
S006,44.025,38,A,44.899,865,PASS,44.882,297,1,146,87.871,38
S006,44.258,38,C,45.104,837,PASS,45.095,290,1,146,82.44,38
S006,44.021,38,D,44.877,847,PASS,44.864,292,1,146,87.875,38
S006,44.378,38,B,45.203,817,PASS,45.197,284,1,146,82.418,38
S006,44.405,38,B,45.24,827,PASS,45.222,283,1,146,82.381,38
S006,44.161,38,C,44.988,819,PASS,44.978,283,1,146,82.416,38
S006,43.916,38,D,44.757,832,PASS,44.747,288,1,146,87.888,38
S006,44.44,38,B,45.235,787,FAIL,45.229,273,1,146,82.407,38
S006,43.873,38,A,44.739,857,PASS,44.738,300,1,146,87.88,38
S006,43.809,38,C,44.687,869,PASS,44.679,301,1,146,82.421,38
S006,43.225,38,D,44.083,849,PASS,44.076,295,1,146,87.862,38
S006,43.827,38,B,44.701,865,PASS,44.691,299,1,142,115.389,38
S006,43.671,38,A,44.541,861,PASS,44.526,296,1,142,96.904,38
S006,43.892,38,D,44.696,796,FAIL,44.69,276,1,142,96.889,38
S006,43.849,38,C,44.731,873,PASS,44.722,302,1,142,115.366,38
S006,43.803,38,A,44.663,851,PASS,44.658,296,1,142,96.895,38
S006,44.015,38,A,44.849,826,PASS,44.843,287,1,142,96.909,38
S006,43.742,38,D,44.605,854,PASS,44.592,294,1,142,96.898,38
S006,44.024,38,C,44.916,883,PASS,44.908,306,1,142,115.359,38
S006,43.679,38,B,44.528,840,PASS,44.519,291,1,142,115.422,38
S006,43.622,38,A,44.495,864,PASS,44.487,300,1,142,96.903,38
S006,43.919,38,D,44.75,823,PASS,44.744,286,1,142,96.898,38
S006,43.859,38,C,44.742,874,PASS,44.733,303,1,142,115.429,38
S006,43.992,38,A,44.878,877,PASS,44.856,299,1,146,87.866,38
S006,43.854,38,B,44.562,701,FAIL,44.551,241,0,146,83.09,38
S006,43.895,38,D,44.723,820,PASS,44.707,281,1,146,87.863,38
S006,44.367,38,C,45.229,853,PASS,45.212,293,1,146,83.23,38
S006,43.851,38,B,44.663,804,FAIL,44.65,277,1,146,82.379,38
S006,44.573,38,A,45.449,867,PASS,45.361,273,1,146,87.846,38
S006,43.921,38,A,44.781,851,PASS,44.768,293,1,146,87.864,38
S006,43.651,38,C,44.428,769,FAIL,44.409,263,0,146,83.101,38
S006,44.004,38,B,44.742,730,FAIL,44.732,252,0,146,82.375,38
S006,43.241,38,B,44.031,782,FAIL,44.017,269,0,146,83.103,38
S006,44.49,38,B,45.354,855,PASS,45.337,293,1,146,83.264,38
S006,44.04,38,D,44.896,847,PASS,44.875,289,1,146,87.867,38
S006,43.926,38,B,44.759,825,PASS,44.744,283,1,142,115.055,38
S006,43.761,38,A,44.678,908,FAIL,44.66,311,1,142,96.891,38
S006,43.703,38,B,44.505,794,FAIL,44.498,275,1,142,115.061,38
S006,43.961,38,A,44.82,850,PASS,44.805,292,1,142,96.909,38
S006,43.614,38,A,44.495,872,PASS,44.466,295,1,142,96.903,38
S006,43.742,38,A,44.571,821,PASS,44.559,283,1,142,96.912,38
S006,44.623,38,D,45.441,810,PASS,45.424,277,1,142,96.895,38
S006,44.423,38,A,45.296,864,PASS,45.284,298,1,142,96.894,38
S006,44.445,38,B,45.256,803,FAIL,45.243,276,1,142,114.947,38
S006,44.441,38,B,45.276,827,PASS,45.262,284,1,142,115.377,38
S006,44.584,38,C,45.464,871,PASS,45.445,298,1,142,114.682,38
S006,44.611,38,B,45.423,804,FAIL,45.406,275,1,142,115.308,38
S006,44.571,38,D,45.483,903,FAIL,45.464,309,1,142,96.886,38
S006,44.466,38,A,45.344,869,PASS,45.326,298,1,142,96.9,38
S006,44.48,38,C,45.3,812,PASS,45.285,279,1,142,114.837,38
S006,44.596,38,B,45.435,830,PASS,45.416,284,1,142,114.979,38
S006,43.933,38,D,44.754,813,PASS,44.739,279,1,142,96.886,38
S006,44.519,38,C,45.39,862,PASS,45.378,298,1,146,82.403,38
S006,44.533,38,C,45.372,830,PASS,45.349,283,1,146,82.401,38
S006,44.651,38,D,45.511,851,PASS,45.496,293,1,142,96.895,38
S006,44.435,38,C,45.291,847,PASS,45.273,290,1,142,114.907,38
S006,44.63,38,C,45.505,866,PASS,45.491,298,1,142,114.848,38
S006,44.555,38,D,45.454,890,FAIL,45.432,304,1,146,87.867,38
S006,44.476,38,D,45.302,818,PASS,45.285,280,1,146,87.853,38
S006,43.385,38,B,44.226,832,PASS,44.216,288,1,146,86.381,38
S006,44.544,38,B,45.414,861,PASS,45.402,297,1,142,115.884,38
S006,44.395,38,D,45.239,835,PASS,45.226,288,1,142,96.888,38
S006,44.58,38,C,45.536,946,FAIL,45.516,324,0,142,115.856,38
S006,43.896,38,B,44.701,797,FAIL,44.69,275,1,146,84.4,38
S006,44.341,38,A,45.231,881,PASS,45.219,304,1,142,96.912,38
S006,44.588,38,D,45.449,852,PASS,45.441,296,1,146,87.883,38
S006,44.529,38,C,45.41,872,PASS,45.404,303,1,146,86.382,38
S006,43.922,38,B,44.743,813,PASS,44.731,280,1,146,84.407,38
S006,43.65,38,B,44.471,813,PASS,44.451,277,1,146,84.436,38
S006,43.615,38,A,44.454,830,PASS,44.437,285,1,146,87.861,38
S006,44.557,38,D,45.438,872,PASS,45.427,301,1,146,87.87,38
S006,44.413,38,C,45.282,860,PASS,45.275,299,1,146,84.433,38
S006,44.026,38,A,44.854,820,PASS,44.84,282,1,146,87.851,38
S006,44.442,38,A,45.319,868,PASS,45.301,298,1,146,87.861,38
S006,43.991,38,A,44.821,822,PASS,44.81,284,1,146,87.865,38
S006,44.491,38,D,45.355,855,PASS,45.339,294,1,146,87.862,38
S006,44.617,38,C,45.465,839,PASS,45.445,287,1,146,84.429,38
S006,43.826,38,B,44.645,811,PASS,44.633,280,1,146,83.105,38
S006,44.513,38,A,45.368,846,PASS,45.348,289,1,146,87.847,38
S006,43.877,38,D,44.732,846,PASS,44.721,292,1,146,87.873,38
S006,44.358,38,D,45.223,856,PASS,45.203,293,1,146,87.855,38
S006,43.741,38,C,44.614,864,PASS,44.596,296,1,146,84.408,38
S006,43.642,38,A,44.53,879,PASS,44.513,302,1,142,96.883,38
S006,43.806,38,A,44.667,852,PASS,44.653,293,1,142,96.906,38
S006,43.967,38,C,44.865,889,PASS,44.848,305,1,142,115.862,38
S006,44.61,38,A,45.512,893,FAIL,45.489,305,1,142,96.886,38
S006,44.469,38,A,45.221,744,FAIL,45.216,259,0,142,96.905,38
S006,43.829,38,B,44.661,824,PASS,44.645,283,1,142,115.883,38
S006,43.748,38,D,44.626,869,PASS,44.61,299,1,142,96.894,38
S006,43.519,38,C,44.404,876,PASS,44.39,302,1,142,115.855,38
S006,44.58,38,A,45.467,878,PASS,45.448,301,1,142,96.892,38
S006,44.037,38,B,44.889,843,PASS,44.873,290,1,142,115.878,38
S006,44.421,38,D,45.282,852,PASS,45.265,292,1,142,96.91,38
S006,43.93,38,C,44.836,897,FAIL,44.816,307,1,142,115.846,38
S006,44.4,38,B,45.227,819,PASS,45.213,282,1,142,114.994,38
S006,44.378,38,A,45.257,870,PASS,45.242,299,1,142,96.909,38
S006,43.735,38,D,44.545,802,FAIL,44.53,275,1,142,96.899,38
S006,43.633,38,D,44.471,829,PASS,44.462,287,1,142,96.893,38
S006,43.827,38,C,44.723,887,PASS,44.712,307,1,142,115.863,38
S006,43.922,38,A,44.8,869,PASS,44.779,297,1,142,96.903,38
S006,44.368,38,B,45.245,868,PASS,45.249,305,1,142,115.851,38
S006,44.559,38,A,45.456,888,PASS,45.437,304,1,142,96.887,38
S006,43.683,38,D,44.5,809,PASS,44.493,281,1,142,96.889,38
S006,43.099,38,C,44.01,902,FAIL,43.996,311,1,142,115.803,38
S006,44.5,38,B,45.318,810,PASS,45.305,279,1,142,114.956,38
S006,43.587,38,D,44.433,837,PASS,44.416,287,1,146,87.879,38
S006,43.977,38,C,44.859,873,PASS,44.844,300,1,142,115.866,38
S006,44.393,38,B,45.215,814,PASS,45.2,280,1,146,86.373,38
S006,43.337,38,A,44.214,868,PASS,44.2,299,1,142,96.89,38
S006,44.449,38,B,45.303,845,PASS,45.291,292,1,142,115.878,38
S006,43.746,38,D,44.61,855,PASS,44.593,293,1,146,87.844,38
S006,44.04,38,C,44.871,823,PASS,44.856,283,1,146,86.368,38
S006,44.407,38,A,45.296,880,PASS,45.274,300,1,146,87.951,38
S006,44.491,38,A,45.382,882,PASS,45.365,303,1,146,87.859,38
S006,44.368,38,A,45.27,893,FAIL,45.247,305,1,142,96.893,38
S006,43.636,38,D,44.5,855,PASS,44.479,292,1,146,87.859,38
S006,44.4,38,C,45.257,848,PASS,45.238,290,1,146,86.361,38
S006,44.02,38,B,44.846,818,PASS,44.828,280,1,146,86.375,38
S006,44.352,38,B,45.153,793,FAIL,45.139,273,1,146,86.36,38
S006,43.675,38,C,44.492,809,PASS,44.483,280,1,146,86.388,38
S006,44.583,38,C,45.444,852,PASS,45.43,293,1,146,86.363,38
S006,44.025,38,D,44.907,873,PASS,44.889,299,1,146,87.937,38
S006,44.569,38,C,45.452,874,PASS,45.436,300,1,146,86.371,38
S006,44.375,38,D,45.242,858,PASS,45.225,294,1,146,87.855,38
S006,44.333,38,C,45.201,859,PASS,45.182,294,1,146,86.369,38
S006,44.36,38,A,45.244,875,PASS,45.232,302,1,146,87.872,38
S006,44.477,38,A,45.318,832,PASS,45.306,287,1,146,87.878,38
S006,44.44,38,D,45.347,898,FAIL,45.324,306,1,146,87.844,38
S006,43.286,38,C,44.135,840,PASS,44.111,286,1,146,83.853,38
S006,44.811,38,B,45.663,843,PASS,45.645,289,1,146,83.852,38
S006,44.247,38,B,45.081,826,PASS,45.058,281,1,146,83.868,38
S006,45.514,38,B,46.358,835,PASS,46.336,285,1,146,83.862,38
S006,44.234,38,D,45.055,813,PASS,45.033,277,1,146,87.868,38
S006,45.317,38,D,46.168,842,PASS,46.146,287,1,146,88.423,38
S006,45.59,38,C,46.47,871,PASS,46.446,297,1,146,83.86,38
S006,46.141,38,A,47.005,855,PASS,46.984,292,1,146,88.44,38
S006,45.521,38,A,46.339,810,PASS,46.326,279,1,146,87.896,38
S006,44.232,38,C,45.065,825,PASS,45.049,283,1,146,83.86,38
S006,45.311,38,C,46.202,882,PASS,46.176,300,1,146,83.867,38
S006,45.484,38,A,46.412,919,FAIL,46.38,310,1,146,88.495,38
S006,46.857,38,B,47.753,887,PASS,47.735,304,1,146,83.861,38
S006,46.113,38,B,46.938,817,PASS,46.922,280,1,146,83.856,38
S006,45.483,38,D,46.309,818,PASS,46.297,282,1,146,87.883,38
S006,45.49,38,D,46.302,804,FAIL,46.279,273,1,146,88.434,38
S006,44.318,38,A,45.138,812,PASS,45.116,276,1,146,88.434,38
S006,45.62,38,C,46.511,882,PASS,46.497,304,1,146,83.857,38
S006,44.267,38,B,45.099,824,PASS,45.082,282,1,146,83.856,38
S006,44.363,38,A,45.184,813,PASS,45.175,281,1,138,94.399,38
S006,44.391,38,C,45.259,859,PASS,45.242,295,1,138,111.896,38
S006,44.337,38,C,45.234,888,PASS,45.213,303,1,138,111.931,38
S006,44.238,38,A,45.073,827,PASS,45.042,279,1,138,94.409,38
S006,44.321,38,A,45.146,817,PASS,45.132,281,1,138,94.42,38
S006,44.34,38,B,45.118,770,FAIL,45.114,268,0,138,109.642,38
S006,44.665,38,D,45.498,825,PASS,45.48,282,1,138,94.409,38
S006,45.991,38,D,46.853,853,PASS,46.837,293,1,138,94.397,38
S006,44.243,38,B,45.091,839,PASS,45.075,288,1,138,111.9,38
S006,44.368,38,B,45.222,845,PASS,45.21,292,1,138,111.928,38
S006,44.372,38,C,45.202,822,PASS,45.197,286,1,138,109.617,38
S006,44.239,38,C,45.133,885,PASS,45.119,305,1,138,111.914,38
S006,44.2,38,C,45.068,859,PASS,45.054,296,1,138,111.883,38
S006,44.206,38,A,45.032,818,PASS,45.013,280,1,138,94.406,38
S006,44.296,38,A,45.127,823,PASS,45.109,282,1,138,94.404,38
S006,44.277,38,D,45.125,839,PASS,45.102,286,1,138,94.396,38
S006,44.219,38,D,45.087,859,PASS,45.069,294,1,138,94.408,38
S006,44.218,38,D,45.07,843,PASS,45.045,287,1,138,94.398,38
S006,44.31,38,B,45.171,852,PASS,45.153,292,1,138,111.772,38
S006,44.251,38,B,45.132,872,PASS,45.109,297,1,138,111.844,38
S006,43.365,38,A,44.125,752,FAIL,44.11,258,0,138,94.401,38
S006,45.4,38,C,46.299,890,FAIL,46.272,302,1,138,111.866,38
S006,46.878,38,D,47.777,890,FAIL,47.755,304,1,138,94.399,38
S006,44.277,38,D,45.126,840,PASS,45.118,291,1,138,94.404,38
S006,44.263,38,B,45.11,838,PASS,45.094,288,1,138,111.911,38
S006,46.081,38,B,46.918,828,PASS,46.9,284,1,138,111.881,38
S006,45.535,38,C,46.429,885,PASS,46.413,304,1,138,111.87,38
S006,45.598,38,C,46.475,868,PASS,46.46,299,1,138,111.872,38
S006,44.263,38,C,45.118,846,PASS,45.106,292,1,138,111.89,38
S006,44.233,38,A,45.068,827,PASS,45.052,284,1,138,94.402,38
S006,45.438,38,A,46.301,854,PASS,46.283,293,1,138,94.42,38
S006,44.258,38,A,45.068,802,FAIL,45.058,277,1,138,94.393,38
S006,46.905,38,B,47.771,857,PASS,47.752,293,1,138,111.877,38
S006,45.46,38,B,46.321,852,PASS,46.297,290,1,138,111.904,38
S006,46.857,38,B,47.725,859,PASS,47.703,293,1,138,111.846,38
S006,46.047,38,A,46.852,797,FAIL,46.837,274,1,138,94.389,38
S006,44.278,38,A,45.091,805,PASS,45.083,279,1,138,94.409,38
S006,44.368,38,A,45.218,841,PASS,45.196,287,1,138,94.368,38
S006,44.279,38,D,45.099,812,PASS,45.102,285,1,138,94.413,38
S006,44.238,38,A,45.063,817,PASS,45.051,282,1,146,88.45,38
S006,44.234,38,C,45.122,879,PASS,45.106,302,1,146,83.855,38
S006,44.068,38,C,44.947,870,PASS,44.924,297,1,146,83.855,38
S006,44.324,38,C,45.199,866,PASS,45.178,296,1,146,83.853,38
S006,45.504,38,B,46.408,895,FAIL,46.383,305,1,146,83.862,38
S006,44.13,38,B,44.811,674,FAIL,44.799,232,0,146,83.86,38
S006,45.437,38,D,46.264,819,PASS,46.249,281,1,146,88.435,38
S006,44.11,38,D,44.951,832,PASS,44.929,284,1,146,88.444,38
S006,44.072,38,B,44.902,822,PASS,44.887,282,1,146,83.848,38
S006,44.177,38,A,44.979,794,FAIL,44.954,269,0,146,88.438,38
S006,45.429,38,A,46.273,835,PASS,46.256,287,1,146,88.441,38
S006,44.916,38,C,45.776,851,PASS,45.757,291,1,146,83.848,38
S006,44.285,38,D,45.121,827,PASS,45.1,282,1,146,88.434,38
S006,46.594,38,B,47.461,858,PASS,47.437,292,1,146,83.856,38
S006,44.131,38,B,44.986,846,PASS,44.968,290,1,146,83.858,38
S006,44.124,38,D,45.03,897,FAIL,45.006,306,1,146,88.356,38
S006,44.042,38,D,44.828,778,FAIL,44.812,267,0,146,88.43,38
S006,44.151,38,A,44.972,813,PASS,44.947,276,1,146,88.427,38
S006,45.265,38,A,46.111,837,PASS,46.089,285,1,146,88.438,38
S006,45.361,38,A,46.317,946,FAIL,46.291,322,0,146,88.682,38
S006,44.171,38,C,45.045,865,PASS,45.023,295,1,146,83.862,38
S006,45.425,38,D,46.242,809,PASS,46.223,276,1,146,88.456,38
S006,44.25,38,D,45.086,827,PASS,45.064,282,1,146,88.44,38
S006,45.428,38,C,46.316,879,PASS,46.308,305,1,146,83.855,38
S006,44.194,38,A,44.994,792,FAIL,44.984,274,1,146,88.436,38
S006,44.185,38,A,45.015,822,PASS,44.997,281,1,146,88.436,38
S006,45.408,38,C,46.328,911,FAIL,46.303,310,1,146,83.844,38
S006,44.956,38,C,45.819,854,PASS,45.811,296,1,146,83.873,38
S006,45.428,38,A,46.257,821,PASS,46.242,282,1,146,88.443,38
S006,44.966,38,B,45.826,851,PASS,45.803,290,1,146,83.868,38
S006,45.044,38,B,45.906,853,PASS,45.879,289,1,146,83.847,38
S006,44.1,38,D,44.953,844,PASS,44.93,288,1,146,88.443,38
S006,45.145,38,D,45.973,820,PASS,45.955,281,1,146,88.445,38
S006,44.946,38,D,45.731,777,FAIL,45.726,270,0,146,88.446,38
S006,44.959,38,A,45.793,826,PASS,45.775,283,1,146,88.436,38
S006,43.34,38,A,44.176,827,PASS,44.15,281,1,146,88.425,38
S006,44.943,38,A,45.775,824,PASS,45.756,282,1,138,94.392,38
S006,45.081,38,A,45.927,837,PASS,45.91,287,1,138,94.387,38
S006,43.98,38,A,44.83,841,PASS,44.81,288,1,138,94.382,38
S006,45.488,38,B,46.353,856,PASS,46.332,292,1,138,111.844,38
S006,45.032,38,D,45.909,868,PASS,45.893,298,1,138,94.388,38
S006,44.979,38,B,45.881,893,FAIL,45.857,304,1,138,111.849,38
S006,45.367,38,B,46.228,852,PASS,46.218,295,1,138,110.742,38
S006,46.589,38,A,47.447,849,PASS,47.425,290,1,138,94.411,38
S006,45.434,38,A,46.296,853,PASS,46.287,296,1,138,94.375,38
S006,45.511,38,D,46.407,887,PASS,46.389,304,1,138,94.403,38
S006,44.48,38,D,45.368,879,PASS,45.342,299,1,138,94.411,38
S006,45.031,38,B,45.93,890,FAIL,45.904,302,1,138,111.744,38
S006,44.364,38,B,45.248,875,PASS,45.227,299,1,138,113.364,38
S006,44.841,38,B,45.707,857,PASS,45.695,296,1,138,112.509,38
S006,45.321,38,C,46.18,850,PASS,46.159,290,1,138,112.441,38
S006,45.071,38,C,45.987,907,FAIL,45.965,310,1,138,111.812,38
S006,44.33,38,C,45.203,864,PASS,45.191,298,1,146,83.847,38
S006,44.354,38,C,45.235,872,PASS,45.211,297,1,146,83.842,38
S006,43.308,38,B,44.147,830,PASS,44.127,284,1,146,83.875,38
S006,44.355,38,B,45.199,835,PASS,45.178,285,1,146,83.845,38
S006,45.404,38,B,46.287,874,PASS,46.274,301,1,146,83.852,38
S006,44.285,38,D,45.137,843,PASS,45.118,289,1,146,88.427,38
S006,44.069,38,D,44.877,800,FAIL,44.864,275,1,146,88.439,38
S006,45.339,38,C,46.254,906,FAIL,46.23,309,1,146,83.879,38
S006,45.375,38,A,46.232,848,PASS,46.22,293,1,146,88.441,38
S006,45.312,38,A,46.146,826,PASS,46.138,286,1,146,88.451,38
S006,45.49,38,C,46.332,833,PASS,46.315,286,1,146,83.852,38
S006,45.255,38,C,46.162,898,FAIL,46.141,307,1,146,83.881,38
S006,44.111,38,A,44.939,820,PASS,44.921,281,1,146,88.444,38
S006,45.431,38,A,46.246,807,PASS,46.231,277,1,146,88.433,38
S006,45.086,38,A,45.935,840,PASS,45.913,287,1,146,88.439,38
S006,44.967,38,A,45.808,832,PASS,45.787,284,1,146,88.443,38
S006,43.379,38,A,44.21,823,PASS,44.195,283,1,138,94.399,38
S006,44.063,38,B,44.861,790,FAIL,44.849,272,1,138,111.796,38
S006,44.013,38,A,44.835,814,PASS,44.819,279,1,138,94.39,38
S006,43.389,38,C,44.242,844,PASS,44.22,288,1,146,83.846,38
S006,44.364,38,B,45.23,857,PASS,45.212,294,1,146,83.87,38
S006,44.326,38,B,45.213,878,PASS,45.184,297,1,138,112.321,38
S006,45.036,38,A,45.909,864,PASS,45.889,296,1,138,94.37,38
S006,44.509,38,B,45.323,806,PASS,45.299,274,1,138,111.874,38
S006,44.524,38,D,45.377,844,PASS,45.363,291,1,146,88.411,38
S006,45.014,38,A,45.832,810,PASS,45.822,280,1,146,88.422,38
S006,45.52,38,A,46.35,822,PASS,46.333,282,1,138,94.38,38
S006,45.446,38,B,46.313,858,PASS,46.298,295,1,138,111.873,38
S006,45.464,38,A,46.262,790,FAIL,46.247,271,0,138,94.369,38
S006,44.106,38,B,44.932,818,PASS,44.915,280,1,138,111.832,38
S006,43.309,38,B,43.85,535,FAIL,43.836,183,0,146,83.864,38
S006,44.364,38,B,45.217,844,PASS,45.199,289,1,138,111.838,38
S006,43.952,38,A,44.781,821,PASS,44.762,281,1,138,94.397,38
S006,44.025,38,B,44.813,780,FAIL,44.793,266,0,138,112.011,38
S006,44.312,38,A,45.14,820,PASS,45.12,280,1,138,94.395,38
S006,44.414,38,C,45.304,881,PASS,45.287,302,1,146,83.853,38
S006,44.413,38,B,45.29,868,PASS,45.273,298,1,146,83.872,38
S006,44.033,38,A,44.86,819,PASS,44.839,279,1,146,88.442,38
S006,44.453,38,C,45.351,889,PASS,45.329,303,1,146,83.857,38
S006,44.359,38,D,45.194,827,PASS,45.174,282,1,146,88.439,38
S006,45.401,38,A,46.223,814,PASS,46.201,277,1,146,88.439,38
S006,43.973,38,A,44.818,836,PASS,44.802,287,1,146,88.448,38
S006,44.573,38,B,45.411,829,PASS,45.393,284,1,146,83.856,38
S006,43.993,38,D,44.843,841,PASS,44.823,288,1,146,88.433,38
S006,44.08,38,C,44.911,823,PASS,44.89,281,1,146,83.873,38
S006,43.871,38,D,44.638,759,FAIL,44.622,260,0,146,88.416,38
S006,44.491,38,B,45.343,843,PASS,45.322,288,1,146,83.872,38
S006,44.384,38,A,45.176,784,FAIL,45.151,266,0,146,88.442,38
S006,43.339,38,C,44.135,788,FAIL,44.121,271,0,140,83.861,38
S006,44.302,38,D,45.067,757,FAIL,45.055,261,0,140,87.885,38
S006,45.438,38,A,46.191,745,FAIL,46.178,256,0,140,87.888,38
S006,44.244,38,B,45.002,750,FAIL,44.988,258,0,140,83.87,38
S006,44.408,38,D,45.175,759,FAIL,45.152,258,0,140,87.891,38
S006,44.193,38,B,44.961,760,FAIL,44.946,261,0,140,83.868,38
S006,43.242,38,A,43.984,734,FAIL,43.973,253,0,140,87.883,38
S006,44.242,38,A,44.984,734,FAIL,44.97,252,0,138,92.912,38
S006,44.214,38,A,45.007,785,FAIL,44.988,268,0,138,92.912,38
S006,43.378,38,D,44.188,802,FAIL,44.172,275,1,138,92.917,38
S006,44.245,38,D,45.03,777,FAIL,45.014,266,0,138,92.914,38
S006,44.318,38,B,45.167,840,PASS,45.153,289,1,138,111.908,38
S006,44.261,38,B,45.101,831,PASS,45.081,284,1,138,111.914,38
S006,43.367,38,C,44.248,872,PASS,44.217,294,1,138,111.929,38
S006,45.982,38,C,46.852,861,PASS,46.829,293,1,138,111.923,38
S006,45.941,38,C,46.801,851,PASS,46.776,289,1,146,83.855,38
S006,44.289,38,B,45.111,814,PASS,45.093,279,1,146,83.864,38
S006,46.93,38,B,47.786,847,PASS,47.768,290,1,146,83.864,38
S006,44.304,38,D,45.138,826,PASS,45.12,283,1,146,87.879,38
S006,44.178,38,D,45.01,824,PASS,44.992,282,1,146,88.43,38
S006,46.899,38,C,47.823,915,FAIL,47.8,312,1,146,83.858,38
S006,45.523,38,A,46.384,852,PASS,46.371,294,1,146,88.438,38
S006,45.407,38,A,46.236,821,PASS,46.214,280,1,146,87.89,38
S006,44.659,38,C,45.496,828,PASS,45.475,283,1,146,83.855,38
S006,43.314,38,C,44.18,857,PASS,44.155,291,1,146,83.857,38
S006,44.346,38,D,45.183,828,PASS,45.167,284,1,146,88.437,38
S006,44.25,38,B,45.104,845,PASS,45.081,288,1,146,83.856,38
S006,44.258,38,B,45.074,808,PASS,45.054,276,1,146,83.861,38
S006,44.245,38,D,45.08,827,PASS,45.063,283,1,146,88.396,38
S006,44.414,38,D,45.246,824,PASS,45.226,281,1,146,88.447,38
S006,44.331,38,A,45.184,844,PASS,45.163,288,1,146,88.434,38
S006,44.311,38,A,45.16,840,PASS,45.13,284,1,146,88.422,38
S006,44.18,38,A,45.006,818,PASS,44.986,279,1,138,94.412,38
S006,44.356,38,A,45.156,792,FAIL,45.136,270,0,138,94.407,38
S006,44.38,38,D,45.217,828,PASS,45.209,287,1,138,94.412,38
S006,43.391,38,D,44.238,838,PASS,44.221,288,1,138,94.412,38
S006,44.692,38,D,45.504,804,FAIL,45.487,275,1,138,94.419,38
S006,44.206,38,B,45.057,842,PASS,45.032,286,1,138,111.91,38
S006,44.379,38,B,45.212,825,PASS,45.199,284,1,138,111.914,38
S006,44.327,38,C,45.194,858,PASS,45.169,292,1,138,111.872,38
S006,44.326,38,A,45.152,818,PASS,45.126,277,1,138,94.4,38
S006,44.301,38,A,45.125,816,PASS,45.106,279,1,138,94.412,38
S006,44.743,38,C,45.589,837,PASS,45.576,289,1,138,113.69,38
S006,44.302,38,D,45.157,846,PASS,45.135,289,1,138,94.398,38
S006,44.332,38,D,45.154,814,PASS,45.129,276,1,138,94.396,38
S006,43.301,38,B,44.18,870,PASS,44.152,295,1,138,111.877,38
S006,46.158,38,B,46.972,806,PASS,46.947,273,1,138,111.776,38
S006,44.278,38,B,45.124,837,PASS,45.107,287,1,138,113.58,38
S006,45.489,38,C,46.348,850,PASS,46.328,291,1,138,111.912,38
S006,44.13,38,C,44.981,842,PASS,44.951,284,1,138,111.885,38
S006,46.596,38,A,47.454,849,PASS,47.435,291,1,138,94.407,38
S006,44.309,38,A,45.143,826,PASS,45.122,282,1,138,94.393,38
S006,45.351,38,A,46.225,865,PASS,46.204,296,1,138,94.381,38
S006,45.44,38,D,46.239,791,FAIL,46.222,271,0,138,94.384,38
S006,46.654,38,B,47.495,832,PASS,47.484,288,1,138,111.903,38
S006,46.066,38,B,46.931,856,PASS,46.905,291,1,138,111.859,38
S006,45.439,38,D,46.318,870,PASS,46.303,299,1,138,94.407,38
S006,46.883,38,C,47.769,877,PASS,47.751,301,1,138,111.868,38
S006,45.449,38,A,46.303,845,PASS,46.294,293,1,138,94.404,38
S006,45.557,38,A,46.356,791,FAIL,46.33,268,0,138,94.401,38
S006,46.041,38,B,46.935,885,PASS,46.922,305,1,138,111.841,38
S006,44.114,38,B,44.95,827,PASS,44.935,284,1,138,111.876,38
S006,44.324,38,B,45.191,858,PASS,45.175,295,1,138,111.896,38
S006,44.346,38,B,45.211,856,PASS,45.196,294,1,138,111.846,38
S006,44.324,38,C,45.149,817,PASS,45.139,282,1,138,111.888,38
S006,44.267,38,C,45.115,839,PASS,45.117,294,1,146,83.856,38
S006,43.359,38,C,44.22,852,PASS,44.2,291,1,146,83.859,38
S006,45.047,38,B,45.903,847,PASS,45.879,288,1,146,83.855,38
S006,45.981,38,B,46.834,844,PASS,46.814,289,1,146,83.848,38
S006,44.985,38,B,45.823,829,PASS,45.811,286,1,146,83.859,38
S006,44.186,38,D,45.04,845,PASS,45.028,292,1,146,88.434,38
S006,45.989,38,D,46.853,855,PASS,46.838,294,1,146,88.44,38
S006,45.016,38,C,45.9,875,PASS,45.879,299,1,146,83.842,38
S006,43.421,38,A,44.237,808,PASS,44.23,280,1,146,88.431,38
S006,45.06,38,A,45.879,811,PASS,45.873,282,1,146,88.444,38
S006,45.009,38,C,45.867,849,PASS,45.85,291,1,146,83.856,38
S006,44.047,38,C,44.913,857,PASS,44.891,292,1,146,83.857,38
S006,44.859,38,D,45.671,804,FAIL,45.655,276,1,146,88.425,38
S006,44.244,38,B,45.104,851,PASS,45.083,291,1,146,83.855,38
S006,44.316,38,B,45.163,838,PASS,45.149,289,1,146,83.856,38
S006,44.128,38,D,45.025,888,PASS,45.009,305,1,146,88.509,38
S006,44.146,38,D,44.975,821,PASS,44.954,280,1,146,88.43,38
S006,44.283,38,A,45.087,796,FAIL,45.066,271,0,146,88.452,38
S006,44.01,38,A,44.832,814,PASS,44.817,280,1,146,88.438,38
S008,45.69,38,B,46.522,824,PASS,46.514,285,1,138,91.388,38
S008,45.701,38,B,46.533,824,PASS,46.527,286,1,138,91.382,38
S008,45.489,38,C,46.381,883,PASS,46.378,308,1,138,91.383,38
S008,45.699,38,C,46.608,900,FAIL,46.594,310,1,138,91.389,38
S008,45.585,38,D,46.493,899,FAIL,46.468,306,1,138,89.932,38
S008,45.395,38,D,46.267,863,PASS,46.257,299,1,138,89.936,38
S008,45.571,38,A,46.452,872,PASS,46.445,303,1,138,89.927,38
S008,45.614,38,A,46.503,880,PASS,46.485,302,1,138,89.92,38
S008,45.461,38,B,46.285,816,PASS,46.271,281,1,138,91.382,38
S008,45.475,38,B,46.31,827,PASS,46.312,290,1,138,91.373,38
S008,45.568,38,C,46.457,880,PASS,46.453,307,1,138,91.394,38
S008,45.623,38,C,46.502,870,PASS,46.48,297,1,138,91.393,38
S008,45.483,38,A,46.373,881,PASS,46.359,303,1,138,89.922,38
S008,45.654,38,A,46.545,882,PASS,46.54,307,1,138,89.921,38
S008,45.593,38,D,46.447,845,PASS,46.442,294,1,138,89.924,38
S008,45.463,38,D,46.346,874,PASS,46.332,301,1,138,89.938,38
S008,45.666,38,C,46.582,907,FAIL,46.564,311,1,138,91.389,38
S008,45.557,38,C,46.462,896,FAIL,46.453,310,1,138,91.387,38
S008,45.473,38,B,46.317,835,PASS,46.31,290,1,138,91.388,38
S008,45.63,38,B,46.453,815,PASS,46.445,282,1,138,91.387,38
S008,45.672,38,B,46.535,854,PASS,46.521,294,1,134,98.927,38
S008,45.448,38,B,46.276,820,PASS,46.268,284,1,134,98.921,38
S008,45.471,38,C,46.306,827,PASS,46.303,288,1,134,98.922,38
S008,45.45,38,C,46.299,840,PASS,46.288,290,1,134,98.931,38
S008,45.598,38,D,46.443,836,PASS,46.428,288,1,134,101.526,38
S008,45.585,38,D,46.377,784,FAIL,46.369,272,1,134,101.526,38
S008,45.579,38,A,46.469,881,PASS,46.463,306,1,134,101.523,38
S008,45.576,38,A,46.45,865,PASS,46.439,299,1,134,101.531,38
S008,45.356,38,B,46.204,839,PASS,46.197,291,1,134,98.917,38
S008,45.421,38,B,46.259,829,PASS,46.247,286,1,134,98.917,38
S008,45.486,38,C,46.324,829,PASS,46.308,285,1,134,98.917,38
S008,45.518,38,C,46.398,871,PASS,46.381,299,1,134,98.916,38
S008,45.586,38,A,46.466,871,PASS,46.454,301,1,134,101.523,38
S008,45.629,38,A,46.503,865,PASS,46.489,298,1,134,101.515,38
S008,45.535,38,D,46.402,858,PASS,46.383,294,1,134,101.526,38
S008,45.616,38,D,46.514,889,PASS,46.495,305,1,134,101.517,38
S008,45.539,38,B,46.332,785,FAIL,46.324,272,1,134,98.907,38
S008,45.526,38,B,46.371,836,PASS,46.356,288,1,134,98.918,38
S008,45.542,38,C,46.407,856,PASS,46.388,293,1,134,98.918,38
S008,45.476,38,C,46.334,849,PASS,46.32,292,1,134,98.919,38
S008,45.567,38,A,46.47,894,FAIL,46.456,308,1,134,101.514,38
S008,45.6,38,A,46.48,871,PASS,46.465,300,1,134,101.519,38
S008,45.533,38,D,46.411,869,PASS,46.395,299,1,134,101.517,38
S008,45.502,38,B,46.342,831,PASS,46.332,288,1,138,91.376,38
S008,44.757,38,D,45.638,872,PASS,45.627,301,1,138,89.934,38
S008,45.49,38,D,46.379,880,PASS,46.36,301,1,138,89.933,38
S008,45.438,38,A,46.347,900,FAIL,46.334,310,1,138,89.923,38
S008,45.655,38,A,46.547,883,PASS,46.534,305,1,138,89.923,38
S008,45.449,38,C,46.355,897,FAIL,46.332,306,1,138,91.391,38
S008,45.404,38,C,46.332,919,FAIL,46.309,314,0,138,91.395,38
S008,45.468,38,B,46.198,723,FAIL,46.19,250,0,138,91.407,38
S008,45.473,38,B,46.315,833,PASS,46.3,287,1,138,91.391,38
S008,45.539,38,D,46.418,870,PASS,46.406,300,1,138,89.925,38
S008,45.445,38,D,46.258,805,PASS,46.241,276,1,138,89.928,38
S008,45.515,38,A,46.39,866,PASS,46.373,297,1,138,89.923,38
S008,45.464,38,A,46.366,893,FAIL,46.346,306,1,138,89.92,38
S008,45.482,38,C,46.383,892,FAIL,46.369,307,1,138,91.381,38
S008,45.417,38,C,46.264,838,PASS,46.247,288,1,138,91.392,38
S008,45.4,38,B,46.249,840,PASS,46.249,294,1,138,91.384,38
S008,45.447,38,B,46.284,828,PASS,46.269,285,1,138,91.39,38
S008,45.516,38,D,46.387,862,PASS,46.371,296,1,138,89.93,38
S008,45.504,38,A,46.387,874,PASS,46.371,300,1,138,89.908,38
S008,45.531,38,A,46.416,876,PASS,46.398,300,1,138,89.923,38
S008,45.434,38,C,46.328,885,PASS,46.314,305,1,138,91.391,38
S008,45.591,38,B,46.417,818,PASS,46.417,286,1,138,91.407,38
S008,45.448,38,A,46.333,876,PASS,46.326,304,1,138,89.92,38
S008,45.535,38,B,46.368,825,PASS,46.368,289,1,138,91.384,38
S008,45.597,38,C,46.513,907,FAIL,46.508,316,0,138,91.378,38
S008,45.634,38,D,46.5,857,PASS,46.507,302,1,138,89.921,38
S008,45.611,38,D,46.482,862,PASS,46.48,301,1,138,89.926,38
S008,45.607,38,C,46.49,874,PASS,46.49,306,1,138,91.386,38
S008,45.494,38,D,46.37,867,PASS,46.371,304,1,138,89.932,38
S008,45.63,38,D,46.564,924,FAIL,46.505,303,1,138,89.932,38
S008,45.533,38,C,46.372,830,PASS,46.401,301,1,138,91.382,38
S008,45.43,38,D,46.29,851,PASS,46.273,292,1,138,89.936,38
S008,45.55,38,D,46.43,871,PASS,46.409,298,1,138,89.943,38
S008,45.515,38,A,46.384,860,PASS,46.367,295,1,138,89.926,38
S008,45.526,38,A,46.362,827,PASS,46.346,284,1,138,89.921,38
S008,45.539,38,C,46.432,884,PASS,46.412,302,1,138,91.355,38
S008,45.511,38,C,46.406,886,PASS,46.389,304,1,138,91.336,38
S008,45.554,38,B,46.38,818,PASS,46.373,284,1,138,91.413,38
S008,45.629,38,B,46.476,838,PASS,46.463,289,1,138,91.358,38
S008,45.478,38,D,46.327,840,PASS,46.313,289,1,138,89.939,38
S008,45.473,38,D,46.336,854,PASS,46.319,293,1,138,89.933,38
S008,45.536,38,A,46.401,856,PASS,46.387,295,1,138,89.925,38
S008,45.432,38,C,46.333,892,FAIL,46.316,306,1,134,98.953,38
S008,45.45,38,D,46.339,880,PASS,46.325,303,1,134,101.547,38
S008,45.413,38,D,46.3,878,PASS,46.283,301,1,134,101.524,38
S008,45.562,38,A,46.39,820,PASS,46.376,282,1,134,101.523,38
S008,44.841,38,A,45.713,863,PASS,45.694,296,1,134,101.562,38
S008,45.549,38,C,46.42,862,PASS,46.405,297,1,134,98.946,38
S008,45.403,38,C,46.311,899,FAIL,46.291,308,1,134,98.955,38
S008,45.549,38,B,46.396,838,PASS,46.382,289,1,134,98.934,38
S008,45.586,38,B,46.454,859,PASS,46.438,295,1,134,98.948,38
S008,45.517,38,D,46.383,857,PASS,46.377,298,1,134,101.568,38
S008,45.424,38,D,46.306,873,PASS,46.288,299,1,134,101.523,38
S008,45.556,38,A,46.444,879,PASS,46.429,302,1,134,101.539,38
S008,45.396,38,A,46.267,862,PASS,46.249,296,1,134,101.57,38
S008,45.464,38,B,46.379,906,FAIL,46.355,309,1,134,98.963,38
S008,45.552,38,B,46.486,924,FAIL,46.467,317,0,134,98.936,38
S008,45.562,38,C,46.425,854,PASS,46.404,292,1,134,98.933,38
S008,45.52,38,C,46.472,942,FAIL,46.443,320,0,134,98.944,38
S008,45.428,38,A,46.31,873,PASS,46.289,298,1,134,101.546,38
S008,45.434,38,A,46.347,904,FAIL,46.328,310,1,134,101.537,38
S008,45.53,38,D,46.37,831,PASS,46.361,288,1,134,101.529,38
S008,45.51,38,D,46.402,883,PASS,46.383,302,1,134,101.514,38
S008,45.593,38,C,46.508,906,FAIL,46.489,310,1,134,98.931,38
S008,45.595,38,A,46.495,891,FAIL,46.482,307,1,138,89.923,38
S008,45.512,38,D,46.408,887,PASS,46.395,306,1,138,89.931,38
S008,45.442,38,D,46.298,847,PASS,46.29,294,1,138,89.928,38
S008,45.592,38,B,46.431,830,PASS,46.413,284,1,138,91.414,38
S008,45.575,38,B,46.426,842,PASS,46.409,289,1,138,91.421,38
S008,45.539,38,C,46.455,907,FAIL,46.431,309,1,138,91.393,38
S008,45.547,38,C,46.437,881,PASS,46.425,304,1,138,91.386,38
S008,45.576,38,A,46.472,887,PASS,46.457,305,1,138,89.93,38
S008,45.414,38,A,46.237,815,PASS,46.221,280,1,138,89.927,38
S008,45.579,38,D,46.474,886,PASS,46.456,304,1,138,89.935,38
S008,45.566,38,D,46.453,878,PASS,46.437,302,1,138,89.938,38
S008,45.53,38,B,46.369,830,PASS,46.356,286,1,138,91.399,38
S008,45.53,38,B,46.409,870,PASS,46.385,296,1,138,91.404,38
S008,45.403,38,C,46.333,921,FAIL,46.315,316,0,138,91.38,38
S008,45.549,38,C,46.375,818,PASS,46.359,281,1,138,91.393,38
S008,45.51,38,C,46.435,916,FAIL,46.409,311,1,134,98.936,38
S008,45.582,38,C,46.512,921,FAIL,46.494,316,0,134,98.912,38
S008,45.563,38,B,46.465,893,FAIL,46.443,305,1,134,98.928,38
S008,45.439,38,B,46.317,869,PASS,46.294,296,1,134,98.946,38
S008,45.558,38,D,46.451,884,PASS,46.432,303,1,134,101.514,38
S008,45.359,38,D,46.242,874,PASS,46.224,300,1,134,101.489,38
S008,45.556,38,A,46.463,898,FAIL,46.443,307,1,134,101.509,38
S008,45.584,38,D,46.452,859,PASS,46.435,295,1,134,101.497,38
S008,45.572,38,B,46.519,937,FAIL,46.496,320,0,134,98.918,38
S008,45.628,38,B,46.469,832,PASS,46.453,286,1,134,97.91,38
S008,45.509,38,C,46.421,903,FAIL,46.404,310,1,134,97.919,38
S008,45.526,38,C,46.417,882,PASS,46.398,302,1,134,98.929,38
S008,45.561,38,A,46.439,869,PASS,46.42,298,1,134,101.505,38
S008,45.56,38,A,46.388,820,PASS,46.37,281,1,134,101.506,38
S008,45.515,38,D,46.406,882,PASS,46.381,300,1,134,101.498,38
S008,45.546,38,D,46.445,890,FAIL,46.43,306,1,134,101.494,38
S008,45.403,38,C,46.302,890,FAIL,46.289,307,1,134,97.909,38
S008,45.403,38,C,46.318,906,FAIL,46.301,311,1,134,97.903,38
S008,45.518,38,B,46.374,847,PASS,46.369,295,1,134,97.913,38
S008,45.53,38,B,46.428,889,PASS,46.409,305,1,134,97.917,38
S008,45.538,38,D,46.425,878,PASS,46.409,302,1,134,101.5,38
S008,45.564,38,D,46.421,848,PASS,46.406,292,1,134,101.503,38
S008,45.591,38,A,46.466,866,PASS,46.457,300,1,134,101.491,38
S008,45.521,38,B,46.405,875,PASS,46.39,301,1,134,97.911,38
S008,45.4,38,B,46.278,869,PASS,46.273,302,1,134,97.907,38
S008,45.544,38,C,46.429,876,PASS,46.424,305,1,134,97.905,38
S008,45.549,38,C,46.42,862,PASS,46.406,297,1,134,97.918,38
S008,45.539,38,A,46.415,867,PASS,46.399,298,1,134,101.494,38
S008,45.529,38,B,46.321,784,FAIL,46.315,272,1,138,91.377,38
S008,45.579,38,C,46.413,826,PASS,46.407,287,1,138,91.384,38
S008,45.56,38,C,46.446,877,PASS,46.439,305,1,138,91.388,38
S008,45.582,38,A,46.457,866,PASS,46.44,297,1,138,89.904,38
S008,45.532,38,A,46.413,872,PASS,46.418,307,1,138,89.906,38
S008,45.505,38,D,46.393,879,PASS,46.381,303,1,138,89.922,38
S008,45.539,38,C,46.464,916,FAIL,46.443,313,1,138,91.409,38
S008,45.476,38,C,46.378,893,FAIL,46.376,312,1,138,91.402,38
S008,45.325,38,B,46.157,824,PASS,46.155,288,1,138,91.393,38
S008,45.582,38,B,46.439,848,PASS,46.426,292,1,138,91.384,38
S008,45.522,38,D,46.424,893,FAIL,46.41,308,1,138,89.913,38
S008,45.586,38,D,46.488,893,FAIL,46.471,307,1,138,89.909,38
S008,45.622,38,A,46.526,895,FAIL,46.506,306,1,138,89.918,38
S008,45.519,38,A,46.426,898,FAIL,46.4,305,1,138,89.919,38
S008,44.936,38,C,45.828,883,PASS,45.811,303,1,138,91.374,38
S008,45.615,38,A,46.508,884,PASS,46.516,312,1,138,89.902,38
S008,45.54,38,D,46.431,882,PASS,46.421,305,1,138,89.913,38
S008,45.455,38,B,46.296,832,PASS,46.284,287,1,138,91.402,38
S008,45.367,38,C,46.28,904,FAIL,46.257,308,1,138,91.384,38
S008,45.496,38,C,46.342,837,PASS,46.336,291,1,138,91.398,38
S008,45.525,38,B,46.358,825,PASS,46.341,283,1,138,91.391,38
S008,45.53,38,B,46.369,830,PASS,46.353,285,1,138,91.379,38
S008,45.594,38,C,46.477,874,PASS,46.476,306,1,134,97.905,38
S008,45.552,38,D,46.438,877,PASS,46.43,304,1,134,101.527,38
S006,44.784,38,C,45.676,883,PASS,45.652,301,1,146,83.867,38
S006,44.43,38,B,45.251,813,PASS,45.24,281,1,146,83.868,38
S006,43.977,38,B,44.805,820,PASS,44.79,282,1,146,83.867,38
S006,44.106,38,B,44.967,852,PASS,44.947,291,1,146,83.855,38
S006,44.428,38,D,45.225,789,FAIL,45.211,271,0,146,88.46,38
S006,44.668,38,D,45.508,831,PASS,45.475,280,1,146,88.43,38
S006,45.084,38,C,45.953,860,PASS,45.943,298,1,146,83.871,38
S006,44.665,38,A,45.478,805,PASS,45.46,275,1,146,88.461,38
S006,43.405,38,A,44.177,764,FAIL,44.165,263,0,146,88.424,38
S006,44.358,38,C,45.184,818,PASS,45.167,280,1,146,83.872,38
S006,45.381,38,C,46.264,874,PASS,46.247,300,1,146,83.852,38
S006,45.374,38,A,46.186,804,FAIL,46.18,279,1,146,88.438,38
S006,45.999,38,B,46.851,843,PASS,46.831,288,1,146,83.861,38
S006,45.387,38,B,46.269,873,PASS,46.25,299,1,146,83.868,38
S006,45.468,38,D,46.312,835,PASS,46.298,288,1,146,88.46,38
S006,44.731,38,D,45.565,826,PASS,45.539,280,1,146,88.448,38
S006,45.322,38,D,46.182,851,PASS,46.169,293,1,146,88.456,38
S006,45.971,38,A,46.822,842,PASS,46.804,289,1,146,88.438,38
S006,45.299,38,A,46.155,847,PASS,46.126,287,1,146,88.426,38
S006,44.4,38,C,45.277,868,PASS,45.243,292,1,146,83.865,38
S006,44.127,38,C,45.004,868,PASS,44.981,296,1,146,83.85,38
S006,44.166,38,B,45.014,839,PASS,44.999,289,1,146,83.858,38
S006,44.111,38,B,44.966,846,PASS,44.948,290,1,146,83.858,38
S006,44.345,38,B,45.197,843,PASS,45.174,287,1,146,83.859,38
S008,45.594,38,D,46.404,802,FAIL,46.389,275,1,132,101.516,38
S008,45.484,38,C,46.298,806,PASS,46.288,279,1,132,98.926,38
S008,45.605,38,A,46.514,900,FAIL,46.497,309,1,134,101.524,38
S008,45.645,38,D,46.52,866,PASS,46.504,298,1,134,101.526,38
S008,45.569,38,A,46.438,860,PASS,46.428,298,1,132,101.531,38
S008,45.692,38,B,46.498,798,FAIL,46.482,274,1,132,98.922,38
S008,45.53,38,D,46.402,863,PASS,46.389,298,1,134,101.52,38
S008,45.647,38,D,46.464,809,PASS,46.456,280,1,132,101.52,38
S008,45.57,38,B,46.281,704,FAIL,46.273,244,0,132,98.927,38
S008,45.439,38,B,46.295,847,PASS,46.28,291,1,134,98.916,38
S008,45.468,38,C,46.322,845,PASS,46.301,289,1,134,98.916,38
S008,45.522,38,C,46.352,822,PASS,46.338,283,1,132,98.933,38
S008,45.406,38,D,46.295,880,PASS,46.278,302,1,138,89.936,38
S008,45.635,38,D,46.522,878,PASS,46.519,306,1,138,89.957,38
S008,45.443,38,A,46.284,832,PASS,46.276,289,1,138,89.936,38
S008,45.476,38,B,46.319,834,PASS,46.303,287,1,138,91.409,38
S008,45.477,38,B,46.302,817,PASS,46.298,284,1,138,91.372,38
S008,45.627,38,C,46.504,868,PASS,46.499,302,1,138,91.4,38
S008,45.418,38,C,46.329,902,FAIL,46.31,309,1,138,91.403,38
S008,45.638,38,D,46.502,855,PASS,46.491,296,1,138,89.931,38
S008,45.447,38,D,46.331,875,PASS,46.321,303,1,138,89.949,38
S008,45.486,38,A,46.289,795,FAIL,46.285,277,1,138,89.943,38
S008,45.398,38,A,46.282,875,PASS,46.272,303,1,138,89.924,38
S008,45.485,38,C,46.285,792,FAIL,46.28,275,1,134,98.924,38
S008,45.458,38,C,46.326,859,PASS,46.302,292,1,134,98.911,38
S008,45.637,38,A,46.537,891,FAIL,46.524,307,1,134,101.517,38
S008,45.597,38,A,46.478,872,PASS,46.465,301,1,134,101.53,38
S008,45.46,38,D,46.305,836,PASS,46.294,289,1,134,101.525,38
S008,45.634,38,D,46.505,862,PASS,46.489,296,1,134,101.529,38
S008,45.614,38,C,46.515,892,FAIL,46.499,307,1,134,98.904,38
S008,45.451,38,C,46.287,827,PASS,46.28,287,1,134,98.929,38
S008,45.414,38,B,46.231,809,PASS,46.225,281,1,134,98.915,38
S008,45.647,38,B,46.528,872,PASS,46.511,299,1,134,98.922,38
S008,45.511,38,A,46.353,833,PASS,46.338,287,1,134,101.534,38
S008,45.403,38,A,46.204,793,FAIL,46.198,275,1,134,101.524,38
S008,45.543,38,D,46.425,873,PASS,46.406,299,1,134,101.521,38
S008,45.483,38,D,46.378,886,PASS,46.361,304,1,134,101.522,38
S008,45.564,38,B,46.371,799,FAIL,46.361,276,1,134,98.911,38
S008,45.645,38,B,46.547,893,FAIL,46.532,307,1,134,98.921,38
S008,45.456,38,C,46.354,889,PASS,46.348,309,1,134,98.944,38
S008,45.498,38,C,46.355,848,PASS,46.342,292,1,134,98.928,38
S008,45.468,38,A,46.341,864,PASS,46.321,296,1,134,101.525,38
S008,45.541,38,A,46.4,850,PASS,46.4,298,1,134,101.519,38
S008,45.596,38,D,46.476,871,PASS,46.464,301,1,134,101.524,38
S008,45.523,38,D,46.335,804,FAIL,46.32,276,1,134,101.522,38
S008,45.536,38,B,46.368,824,PASS,46.353,283,1,134,98.926,38
S008,45.464,38,B,46.307,834,PASS,46.298,289,1,134,98.919,38
S006,44.36,38,B,45.265,896,FAIL,45.244,306,1,138,111.853,38
S006,45.389,38,A,46.254,856,PASS,46.233,292,1,138,94.384,38
S006,44.011,38,C,44.925,905,FAIL,44.907,310,1,138,111.868,38
S006,46.561,38,A,47.439,869,PASS,47.421,298,1,138,94.381,38
S006,45.504,38,A,46.348,835,PASS,46.337,289,1,138,94.54,38
S006,45.415,38,A,46.253,829,PASS,46.233,283,1,138,94.383,38
S006,45.026,38,A,45.888,853,PASS,45.869,292,1,138,94.383,38
S006,44.063,38,D,44.912,840,PASS,44.893,288,1,138,94.396,38
S006,45.001,38,B,45.856,846,PASS,45.853,295,1,138,111.851,38
S006,44.191,38,B,45.068,868,PASS,45.063,302,1,138,110.828,38
S006,45.035,38,B,45.939,895,FAIL,45.92,307,1,138,111.845,38
S006,46.574,38,B,47.453,870,PASS,47.431,297,1,138,111.844,38
S006,45.362,38,C,46.242,871,PASS,46.228,300,1,138,111.864,38
S006,44.859,38,A,45.721,853,PASS,45.7,291,1,138,94.379,38
S006,45.535,38,A,46.36,817,PASS,46.359,285,1,138,94.4,38
S006,45.404,38,A,46.26,847,PASS,46.25,293,1,138,94.384,38
S006,44.744,38,D,45.614,861,PASS,45.594,294,1,138,94.388,38
S006,45.458,38,B,46.318,851,PASS,46.296,290,1,138,111.84,38
S006,44.077,38,B,44.939,853,PASS,44.931,296,1,138,111.908,38
S006,44.741,38,B,45.625,875,PASS,45.607,300,1,138,111.846,38
S006,45.515,38,C,46.385,861,PASS,46.366,295,1,138,111.859,38
S006,44.827,38,A,45.693,857,PASS,45.674,293,1,138,94.387,38
S008,45.397,38,D,46.292,886,PASS,46.262,300,1,134,101.52,38
S008,45.6,38,B,46.425,817,PASS,46.416,283,1,134,98.913,38
S008,45.567,38,B,46.336,761,FAIL,46.333,265,0,134,98.917,38
S008,45.51,38,C,46.368,849,PASS,46.355,293,1,134,98.913,38
S008,45.46,38,C,46.307,838,PASS,46.298,290,1,134,98.924,38
S008,45.41,38,A,46.298,879,PASS,46.283,302,1,134,101.521,38
S008,45.548,38,A,46.436,879,PASS,46.417,301,1,134,101.522,38
S008,45.471,38,D,46.276,797,FAIL,46.261,274,1,134,101.517,38
S008,45.481,38,D,46.35,860,PASS,46.33,294,1,134,101.521,38
S008,45.419,38,B,46.248,821,PASS,46.241,285,1,134,98.915,38
S008,45.457,38,B,46.281,816,PASS,46.267,281,1,134,98.907,38
S008,45.517,38,C,46.357,831,PASS,46.345,287,1,134,98.918,38
S008,45.389,38,C,46.193,796,FAIL,46.179,274,1,134,98.918,38
S008,45.465,38,A,46.324,850,PASS,46.317,295,1,134,101.521,38
S008,45.644,38,A,46.514,861,PASS,46.506,299,1,134,101.513,38
S008,45.552,38,D,46.394,833,PASS,46.385,289,1,134,101.523,38
S008,45.626,38,D,46.489,854,PASS,46.479,296,1,134,101.522,38
S008,45.539,38,D,46.439,891,FAIL,46.42,305,1,138,89.925,38
S008,45.377,38,D,46.263,877,PASS,46.247,301,1,138,89.924,38
S008,45.61,38,A,46.521,902,FAIL,46.505,310,1,138,89.923,38
S008,45.349,38,A,46.246,888,PASS,46.234,307,1,138,89.921,38
S008,45.416,38,C,46.325,900,FAIL,46.304,308,1,138,91.392,38
S008,45.462,38,C,46.342,871,PASS,46.328,300,1,138,91.389,38
S008,45.443,38,B,46.297,845,PASS,46.28,290,1,138,91.391,38
S006,44.095,38,B,44.938,834,PASS,44.912,283,1,146,83.863,38
S006,44.082,38,B,44.895,805,PASS,44.882,277,1,146,83.855,38
S006,45.437,38,D,46.297,851,PASS,46.281,292,1,146,88.421,38
S006,45.319,38,D,46.197,869,PASS,46.161,292,1,146,88.432,38
S006,44.095,38,D,44.916,813,PASS,44.896,277,1,146,88.446,38
S006,45.45,38,A,46.313,854,PASS,46.289,291,1,146,88.437,38
S006,45.288,38,A,46.133,836,PASS,46.109,284,1,146,88.441,38
S006,45.45,38,C,46.344,885,PASS,46.32,301,1,146,83.858,38
S006,44.232,38,C,45.129,888,PASS,45.111,305,1,146,83.86,38
S006,44.261,38,B,45.122,852,PASS,45.1,291,1,146,83.869,38
S006,45.45,38,B,46.314,855,PASS,46.282,288,1,146,83.865,38
S006,44.025,38,B,44.873,839,PASS,44.852,287,1,146,83.861,38
S006,45.374,38,D,46.186,804,FAIL,46.164,274,1,146,88.455,38
S006,44.241,38,D,45.1,850,PASS,45.075,289,1,146,88.443,38
S006,44.047,38,C,44.924,868,PASS,44.902,296,1,146,83.87,38
S006,44.064,38,A,44.905,832,PASS,44.883,284,1,146,88.445,38
S006,44.299,38,A,45.138,830,PASS,45.112,282,1,146,88.432,38
S006,45.471,38,C,46.335,855,PASS,46.321,294,1,146,83.88,38
S006,44.557,38,C,45.447,881,PASS,45.426,301,1,146,83.854,38
S006,44.603,38,D,45.427,816,PASS,45.406,278,1,146,88.434,38
S006,45.031,38,B,45.877,837,PASS,45.859,287,1,146,83.866,38
S006,43.44,38,B,44.257,809,PASS,44.239,277,1,146,83.88,38
S006,45.06,38,D,45.893,825,PASS,45.871,281,1,146,88.442,38
S006,44.629,38,D,45.434,797,FAIL,45.417,273,1,146,88.438,38
S008,45.405,38,C,46.283,869,PASS,46.262,297,1,138,91.389,38
S008,45.451,38,B,46.213,754,FAIL,46.199,259,0,138,91.39,38
S008,45.408,38,B,46.247,830,PASS,46.229,284,1,138,91.403,38
S008,45.466,38,B,46.319,844,PASS,46.308,292,1,134,98.923,38
S008,45.497,38,B,46.333,827,PASS,46.334,290,1,134,98.908,38
S008,45.348,38,C,46.173,817,PASS,46.166,283,1,134,98.911,38
S008,45.554,38,C,46.398,835,PASS,46.376,285,1,134,98.922,38
S008,45.407,38,A,46.298,882,PASS,46.283,303,1,134,101.522,38
S008,45.455,38,A,46.327,863,PASS,46.333,304,1,134,101.52,38
S008,45.499,38,D,46.361,853,PASS,46.367,301,1,134,101.52,38
S008,45.557,38,B,46.405,839,PASS,46.404,293,1,134,98.914,38
S008,45.408,38,B,46.23,814,PASS,46.23,285,1,134,98.919,38
S008,45.446,38,C,46.28,826,PASS,46.287,291,1,134,98.92,38
S008,45.377,38,C,46.223,837,PASS,46.226,294,1,134,98.925,38
S008,45.516,38,A,46.397,872,PASS,46.399,306,1,134,101.526,38
S008,45.497,38,A,46.342,836,PASS,46.341,292,1,134,101.52,38
S008,45.516,38,D,46.377,852,PASS,46.376,298,1,134,101.521,38
S008,45.412,38,D,46.229,809,PASS,46.232,284,1,134,101.516,38
S008,45.435,38,A,46.307,863,PASS,46.313,304,1,138,89.922,38
S008,45.6,38,B,46.446,837,PASS,46.441,291,1,138,91.388,38
S008,45.59,38,A,46.47,871,PASS,46.468,304,1,138,89.924,38
S008,45.513,38,B,46.323,802,FAIL,46.319,279,1,138,91.382,38
S008,45.642,38,A,46.527,876,PASS,46.526,306,1,138,89.915,38
S006,44.149,38,C,45.01,852,PASS,44.985,290,1,146,83.855,38
S006,44.648,38,A,45.495,838,PASS,45.472,285,1,138,94.389,38
S006,44.265,38,B,45.129,855,PASS,45.112,293,1,138,112.569,38
S006,44.736,38,A,45.516,772,FAIL,45.496,263,0,138,94.372,38
S006,44.058,38,B,44.856,790,FAIL,44.84,271,0,138,111.823,38
S006,44.328,38,A,45.17,833,PASS,45.152,285,1,146,88.432,38
S006,44.028,38,B,44.904,867,PASS,44.885,297,1,138,111.838,38
S006,46.115,38,A,46.951,827,PASS,46.927,281,1,138,94.387,38
S006,44.634,38,A,45.334,693,FAIL,45.324,239,0,138,94.372,38
S006,44.953,38,A,45.777,816,PASS,45.757,279,1,138,94.379,38
S006,45.504,38,D,46.365,852,PASS,46.352,294,1,146,88.429,38
S006,44.852,38,A,45.71,849,PASS,45.692,291,1,138,94.381,38
S006,44.367,38,B,45.257,881,PASS,45.235,301,1,138,111.708,38
S006,46.926,38,B,47.699,765,FAIL,47.686,263,0,138,111.802,38
S006,45.979,38,B,46.78,793,FAIL,46.762,271,0,138,111.843,38
S006,44.456,38,A,45.281,817,PASS,45.255,277,1,138,94.38,38
S006,44.073,38,B,44.96,878,PASS,44.935,299,1,138,111.851,38
S006,45.48,38,C,46.361,872,PASS,46.336,297,1,146,83.863,38
S006,44.006,38,D,44.897,882,PASS,44.871,300,1,146,88.423,38
S006,44.32,38,A,45.164,835,PASS,45.172,295,1,146,88.399,38
S006,46.128,38,B,47.014,877,PASS,46.989,298,1,146,83.865,38
S006,43.931,38,D,44.659,721,FAIL,44.65,249,0,146,88.435,38
S006,44.108,38,C,44.929,813,PASS,44.911,278,1,146,83.86,38
S008,45.545,38,A,46.405,851,PASS,46.391,293,1,138,89.92,38
S008,45.576,38,C,46.441,856,PASS,46.438,299,1,138,91.393,38
S008,45.358,38,C,46.26,893,FAIL,46.244,307,1,138,91.412,38
S008,45.548,38,B,46.392,835,PASS,46.374,286,1,138,91.395,38
S008,45.491,38,B,46.311,812,PASS,46.298,280,1,138,91.389,38
S008,45.477,38,A,46.315,829,PASS,46.303,286,1,138,89.965,38
S008,45.341,38,A,46.214,864,PASS,46.198,297,1,138,89.93,38
S008,45.546,38,D,46.415,860,PASS,46.397,295,1,138,89.948,38
S008,45.54,38,D,46.388,839,PASS,46.373,289,1,138,89.961,38
S008,45.493,38,C,46.369,867,PASS,46.354,298,1,138,91.388,38
S008,45.446,38,C,46.318,863,PASS,46.298,295,1,138,91.451,38
S008,45.426,38,B,46.248,814,PASS,46.234,280,1,138,91.381,38
S008,45.412,38,B,46.242,822,PASS,46.234,285,1,138,91.369,38
S008,45.525,38,D,46.282,749,FAIL,46.268,257,0,138,90.029,38
S008,45.517,38,D,46.377,851,PASS,46.365,294,1,138,89.938,38
S008,45.472,38,A,46.279,799,FAIL,46.265,275,1,138,89.933,38
S008,45.431,38,A,46.229,790,FAIL,46.215,272,1,138,89.917,38
S008,45.408,38,C,46.27,853,PASS,46.253,293,1,138,91.492,38
S008,45.398,38,C,46.293,886,PASS,46.28,306,1,138,91.393,38
S008,45.548,38,B,46.405,848,PASS,46.389,291,1,138,91.433,38
S008,45.481,38,B,46.254,765,FAIL,46.242,264,0,138,91.425,38
S008,45.51,38,B,46.386,867,PASS,46.377,300,1,134,98.928,38
S008,45.386,38,B,46.265,870,PASS,46.246,298,1,134,98.939,38
S008,45.493,38,C,46.43,927,FAIL,46.413,319,0,134,98.963,38
S008,45.625,38,C,46.571,936,FAIL,46.553,321,0,134,98.943,38
S008,45.421,38,B,46.3,870,PASS,46.282,298,1,134,98.933,38
S008,45.539,38,B,46.436,888,PASS,46.416,304,1,134,98.953,38
S008,45.445,38,D,46.315,861,PASS,46.298,296,1,134,101.53,38
S008,45.492,38,D,46.345,844,PASS,46.334,292,1,134,101.529,38
S008,45.507,38,A,46.385,869,PASS,46.362,296,1,134,101.535,38
S008,45.51,38,A,46.419,900,FAIL,46.397,307,1,134,101.525,38
S008,45.508,38,A,46.402,885,PASS,46.38,302,1,138,89.928,38
S008,45.427,38,A,46.402,965,FAIL,46.295,301,1,138,89.931,38
S008,45.547,38,D,46.409,853,PASS,46.396,294,1,138,89.935,38
S008,45.479,38,D,46.331,843,PASS,46.315,290,1,138,89.936,38
S008,45.518,38,B,46.372,845,PASS,46.356,290,1,138,91.393,38
S008,45.536,38,B,46.398,853,PASS,46.383,293,1,138,91.412,38
S008,45.501,38,C,46.389,879,PASS,46.371,301,1,138,91.352,38
S008,45.553,38,C,46.449,887,PASS,46.427,303,1,138,91.399,38
S008,45.567,38,A,46.296,722,FAIL,46.285,249,0,138,89.925,38
S008,45.517,38,A,46.422,896,FAIL,46.402,307,1,138,89.922,38
S008,45.558,38,D,46.453,886,PASS,46.435,304,1,138,89.927,38
S008,45.574,38,D,46.437,854,PASS,46.429,296,1,138,89.938,38
S008,45.564,38,B,46.401,828,PASS,46.391,287,1,138,91.413,38
S008,45.568,38,B,46.434,857,PASS,46.424,297,1,138,91.35,38
S008,45.642,38,C,46.516,865,PASS,46.506,299,1,138,91.425,38
S008,45.592,38,A,46.466,865,PASS,46.447,296,1,138,89.935,38
S006,43.592,38,D,44.344,744,FAIL,44.335,257,0,146,88.447,38
S006,44.334,38,A,45.149,807,PASS,45.147,282,1,146,88.446,38
S006,44.162,38,B,45.034,863,PASS,45.022,298,1,146,83.879,38
S006,44.033,38,D,44.842,801,FAIL,44.83,276,1,146,88.443,38
S006,44.068,38,C,44.891,815,PASS,44.878,281,1,146,83.879,38
S006,43.573,38,B,44.388,807,PASS,44.374,277,1,146,83.87,38
S006,43.505,38,A,44.34,827,PASS,44.333,287,1,146,88.449,38
S006,44.158,38,B,44.932,766,FAIL,44.923,265,0,138,111.753,38
S006,44.293,38,A,45.141,839,PASS,45.128,289,1,140,94.4,38
S006,43.516,38,A,44.377,852,PASS,44.36,292,1,140,94.389,38
S006,43.841,38,B,44.637,788,FAIL,44.622,271,0,140,111.88,38
S006,44.492,38,A,45.312,812,PASS,45.313,284,1,138,94.389,38
S006,43.631,38,B,44.498,858,PASS,44.478,293,1,140,112.166,38
S006,43.925,38,D,44.767,833,PASS,44.751,286,1,140,94.398,38
S006,44.291,38,C,45.143,843,PASS,45.127,290,1,140,109.919,38
S006,44.376,38,C,45.239,854,PASS,45.221,293,1,146,83.855,38
S006,45.581,38,C,46.507,917,FAIL,46.488,314,0,150,82.949,38
S006,45.825,38,C,46.758,924,FAIL,46.743,318,0,150,82.944,38
S006,45.709,38,B,46.58,862,PASS,46.569,298,1,150,82.957,38
S006,45.601,38,A,46.527,917,FAIL,46.509,315,0,146,89.946,38
S006,44.363,38,D,45.18,809,PASS,45.161,276,1,146,89.941,38
S006,44.476,38,D,45.374,889,PASS,45.363,307,1,150,88.899,38
S006,43.583,38,C,44.473,881,PASS,44.462,305,1,150,82.952,38
S006,43.702,38,D,44.49,780,FAIL,44.48,270,0,150,88.882,38
S006,44.24,38,B,45.095,846,PASS,45.077,290,1,150,82.956,38
S006,44.11,38,B,45.001,882,PASS,44.977,300,1,150,82.972,38
S006,44.098,38,D,44.898,792,FAIL,44.886,273,1,150,88.948,38
S006,44.24,38,D,45.077,828,PASS,45.062,285,1,150,88.901,38
S006,44.344,38,A,45.204,851,PASS,45.183,291,1,150,88.88,38
S006,45.622,38,A,46.494,863,PASS,46.487,300,1,150,88.884,38
S006,44.089,38,A,44.967,869,PASS,44.953,299,1,150,88.923,38
S006,44.204,38,C,45.077,864,PASS,45.062,297,1,146,83.854,38
S006,44.156,38,B,45.014,849,PASS,44.999,292,1,146,83.869,38
S006,43.551,38,A,44.389,829,PASS,44.377,286,1,146,89.946,38
S006,43.73,38,A,44.595,856,PASS,44.581,295,1,146,89.959,38
S006,44.136,38,D,44.997,852,PASS,44.986,294,1,146,89.949,38
S006,45.687,38,C,46.577,881,PASS,46.571,306,1,146,83.853,38
S006,45.623,38,A,46.525,893,FAIL,46.502,305,1,146,89.948,38
S006,44.304,38,B,45.138,826,PASS,45.126,285,1,146,83.857,38
S006,45.553,38,A,46.443,881,PASS,46.428,303,1,146,89.94,38
S006,44.19,38,D,45.062,863,PASS,45.059,301,1,146,89.951,38
S006,44.075,38,C,44.928,844,PASS,44.912,290,1,146,83.862,38
S006,44.36,38,D,45.21,841,PASS,45.193,289,1,140,94.389,38
S006,45.749,38,C,46.592,834,PASS,46.577,287,1,140,111.852,38
S006,44.373,38,D,45.138,757,FAIL,45.127,261,0,140,94.402,38
S006,44.141,38,A,44.997,847,PASS,44.982,291,1,140,94.383,38
S006,45.737,38,B,46.631,885,PASS,46.614,304,1,150,82.95,38
S006,45.784,38,C,46.704,911,FAIL,46.686,312,1,150,82.948,38
S006,44.158,38,C,44.931,765,FAIL,44.921,264,0,140,110.832,38
S006,43.655,38,A,44.513,849,PASS,44.495,291,1,140,94.395,38
S006,44.438,38,B,45.229,783,FAIL,45.215,269,0,140,112.763,38
S006,44.525,38,D,45.356,823,PASS,45.34,282,1,140,94.394,38
S006,44.474,38,D,45.333,850,PASS,45.318,292,1,150,88.89,38
S006,44.212,38,D,45.034,814,PASS,45.015,278,1,140,94.393,38
S006,44.356,38,C,45.145,781,FAIL,45.131,268,0,140,109.988,38
S006,44.38,38,A,45.196,808,PASS,45.178,276,1,140,94.406,38
S006,45.579,38,A,46.455,867,PASS,46.44,298,1,150,88.904,38
S006,44.006,38,C,44.808,794,FAIL,44.795,273,1,150,82.944,38
S006,45.654,38,C,46.437,775,FAIL,46.429,268,0,140,111.315,38
S006,44.43,38,B,45.245,807,PASS,45.232,278,1,140,113.237,38
S006,44.366,38,B,45.132,758,FAIL,45.123,262,0,140,111.594,38
S006,44.133,38,B,45.01,868,PASS,44.994,298,1,150,82.945,38
S006,44.046,38,B,44.913,858,PASS,44.898,295,1,150,82.956,38
S006,43.554,38,D,44.389,827,PASS,44.376,285,1,150,88.864,38
S006,45.595,38,D,46.436,832,PASS,46.423,287,1,150,88.891,38
S006,43.741,38,D,44.577,827,PASS,44.559,283,1,150,88.901,38
S006,44.534,38,A,45.378,835,PASS,45.365,288,1,150,88.88,38
S006,44.333,38,A,45.207,865,PASS,45.191,297,1,150,88.883,38
S006,43.519,38,C,44.395,867,PASS,44.38,298,1,150,82.958,38
S006,45.713,38,D,46.593,871,PASS,46.572,298,1,150,88.892,38
S006,45.669,38,C,46.601,923,FAIL,46.582,316,0,150,82.949,38
S006,43.587,38,A,44.447,851,PASS,44.429,292,1,150,88.884,38
S006,44.387,38,B,45.237,841,PASS,45.22,289,1,150,82.947,38
S006,44.147,38,D,45.01,854,PASS,44.99,292,1,150,88.9,38
S006,44.175,38,C,45.066,882,PASS,45.047,302,1,150,82.956,38
S006,44.17,38,B,45.036,857,PASS,45.015,293,1,150,82.952,38
S006,44.277,38,B,45.041,756,FAIL,45.029,261,0,150,82.961,38
S006,44.217,38,A,45.074,848,PASS,45.056,291,1,150,88.878,38
S006,44.4,38,C,45.285,876,PASS,45.27,301,1,150,82.953,38
S006,44.512,38,D,45.233,714,FAIL,45.224,247,0,150,88.887,38
S006,44.49,38,D,45.302,804,FAIL,45.29,277,1,150,88.886,38
S006,44.165,38,A,44.999,826,PASS,44.986,284,1,150,88.892,38
S006,44.03,38,B,44.914,875,PASS,44.897,300,1,150,82.948,38
S006,45.685,38,D,46.562,868,PASS,46.543,297,1,140,94.942,38
S006,45.558,38,A,46.431,864,PASS,46.412,296,1,140,94.94,38
S006,44.323,38,A,45.167,835,PASS,45.152,287,1,140,95.403,38
S006,45.567,38,B,46.337,762,FAIL,46.33,264,0,140,113.928,38
S006,44.348,38,D,45.208,851,PASS,45.193,293,1,140,95.4,38
S006,44.414,38,D,45.252,829,PASS,45.234,284,1,140,94.932,38
S006,45.608,38,B,46.415,799,FAIL,46.397,273,1,140,113.914,38
S006,45.643,38,B,46.465,814,PASS,46.45,280,1,140,115.179,38
S006,44.321,38,C,45.15,821,PASS,45.14,284,1,140,113.904,38
S006,43.64,38,C,44.502,853,PASS,44.484,292,1,140,115.312,38
S006,45.735,38,C,46.555,812,PASS,46.543,280,1,140,113.039,38
S006,43.771,38,A,44.573,794,FAIL,44.565,275,1,140,94.948,38
S006,45.482,38,A,46.359,868,PASS,46.343,298,1,140,95.379,38
S006,44.204,38,A,45.006,794,FAIL,44.999,275,1,140,95.403,38
S006,44.212,38,D,45.058,837,PASS,45.04,287,1,140,95.366,38
S006,44.036,38,D,44.864,820,PASS,44.85,282,1,140,94.933,38
S006,44.108,38,B,44.886,770,FAIL,44.874,265,0,140,113.444,38
S006,44.18,38,B,44.939,751,FAIL,44.924,258,0,140,114.792,38
S006,44.146,38,D,44.964,810,PASS,44.943,276,1,140,95.404,38
S006,44.448,38,C,45.269,813,PASS,45.254,279,1,140,113.559,38
S006,44.443,38,C,45.309,857,PASS,45.295,295,1,140,113.316,38
S006,44.471,38,A,45.287,808,PASS,45.276,279,1,140,94.951,38
S006,44.272,38,D,45.161,880,PASS,45.142,301,1,150,88.9,38
S006,44.248,38,D,45.07,814,PASS,45.07,285,1,150,88.903,38
S006,43.512,38,A,44.333,813,PASS,44.323,281,1,150,88.892,38
S006,44.278,38,A,45.102,816,PASS,45.104,286,1,150,88.89,38
S006,44.285,38,A,45.135,841,PASS,45.106,284,1,150,88.883,38
S006,44.555,38,C,45.468,904,FAIL,45.452,311,1,150,82.952,38
S006,44.47,38,C,45.365,886,PASS,45.356,307,1,150,82.944,38
S006,43.888,38,C,44.066,176,FAIL,44.064,61,0,150,82.959,38
S006,45.627,38,B,46.526,890,FAIL,46.518,309,1,150,82.953,38
S006,44.271,38,B,45.149,869,PASS,45.132,298,1,150,82.959,38
S006,44.188,38,D,45.067,870,PASS,45.05,299,1,150,88.869,38
S006,44.3,38,D,45.15,841,PASS,45.144,292,1,150,88.882,38
S006,45.694,38,B,46.611,908,FAIL,46.59,310,1,150,82.956,38
S006,44.422,38,A,45.264,833,PASS,45.255,289,1,150,88.902,38
S006,44.158,38,A,44.995,828,PASS,44.982,285,1,150,88.898,38
S006,44.282,38,C,45.141,850,PASS,45.127,293,1,150,82.949,38
S006,45.646,38,C,46.557,902,FAIL,46.549,313,1,150,82.954,38
S006,44.456,38,A,45.274,810,PASS,45.261,279,1,150,88.89,38
S006,44.251,38,B,45.118,858,PASS,45.109,297,1,150,82.957,38
S006,44.338,38,B,45.207,860,PASS,45.188,294,1,150,82.95,38
S006,44.678,38,D,45.5,814,PASS,45.487,280,1,150,88.888,38
S006,45.582,38,D,46.467,876,PASS,46.457,303,1,150,88.872,38
S006,44.314,38,C,45.223,900,FAIL,45.2,307,1,150,82.936,38
S006,44.279,38,B,45.122,834,PASS,45.107,287,1,150,83.205,38
S006,44.3,38,B,45.161,852,PASS,45.143,292,1,150,82.964,38
S006,43.478,38,B,44.335,848,PASS,44.313,289,1,150,82.96,38
S006,43.658,38,D,44.549,882,PASS,44.533,303,1,150,88.888,38
S006,45.557,38,D,46.46,894,FAIL,46.442,307,1,150,88.892,38
S006,43.767,38,B,44.634,858,PASS,44.617,294,1,150,83.268,38
S006,44.274,38,A,45.122,839,PASS,45.105,288,1,150,88.893,38
S006,45.535,38,A,46.416,872,PASS,46.399,299,1,150,88.885,38
S006,44.368,38,C,45.248,871,PASS,45.231,299,1,150,82.95,38
S006,45.535,38,C,46.438,894,FAIL,46.419,306,1,150,82.946,38
S006,44.271,38,C,45.161,881,PASS,45.142,302,1,150,83.265,38
S006,44.147,38,B,45.029,873,PASS,45.01,299,1,150,82.952,38
S006,44.379,38,B,45.247,859,PASS,45.228,294,1,150,82.953,38
S006,43.584,38,D,44.428,835,PASS,44.416,288,1,150,88.884,38
S006,43.406,38,D,44.067,654,FAIL,44.057,226,0,150,88.872,38
S006,44.38,38,D,45.244,855,PASS,45.229,294,1,150,88.936,38
S006,43.382,38,A,44.229,838,PASS,44.215,289,1,150,88.887,38
S006,44.352,38,A,45.206,845,PASS,45.194,292,1,150,88.891,38
S006,45.476,38,A,46.361,876,PASS,46.348,302,1,140,95.392,38
S006,45.505,38,A,46.384,870,PASS,46.367,299,1,140,95.403,38
S006,44.345,38,A,45.226,872,PASS,45.211,300,1,140,95.399,38
S006,45.356,38,A,46.222,857,PASS,46.202,293,1,140,95.397,38
S006,43.998,38,C,44.812,806,PASS,44.801,278,1,140,112.404,38
S006,43.504,38,C,44.371,858,PASS,44.359,296,1,140,113.928,38
S006,44.281,38,A,45.134,844,PASS,45.124,292,1,140,95.393,38
S006,45.659,38,A,46.427,760,FAIL,46.417,263,0,140,95.397,38
S006,44.407,38,B,45.211,796,FAIL,45.202,275,1,140,113.933,38
S006,45.664,38,D,46.558,885,PASS,46.547,306,1,140,95.395,38
S006,45.681,38,D,46.558,868,PASS,46.552,302,1,140,95.393,38
S006,44.592,38,B,45.396,796,FAIL,45.394,278,1,140,113.905,38
S006,43.953,38,B,44.751,790,FAIL,44.739,272,1,140,111.569,38
S006,44.258,38,C,45.121,854,PASS,45.107,294,1,140,113.909,38
S006,45.583,38,C,46.4,809,PASS,46.387,279,1,140,111.403,38
S006,44.342,38,C,45.19,839,PASS,45.184,292,1,140,113.932,38
S006,45.588,38,B,46.418,822,PASS,46.42,288,1,140,113.937,38
S006,45.742,38,B,46.624,873,PASS,46.609,300,1,140,114.379,38
S006,44.509,38,D,45.382,864,PASS,45.366,297,1,140,95.414,38
S006,44.449,38,C,45.383,924,FAIL,45.363,317,0,140,114.337,38
S006,44.047,38,D,44.88,825,PASS,44.87,285,1,140,95.41,38
S006,45.789,38,A,46.659,861,PASS,46.645,297,1,140,95.408,38
S006,44.2,38,A,45.039,830,PASS,45.023,285,1,140,95.43,38
S006,44.338,38,A,45.199,852,PASS,45.184,293,1,140,95.472,38
S006,44.175,38,D,45.016,832,PASS,45,286,1,140,95.438,38
S006,45.719,38,C,46.687,958,FAIL,46.678,332,0,150,82.962,38
S006,45.625,38,C,46.603,968,FAIL,46.585,333,0,150,83.166,38
S006,44.587,38,B,45.503,907,FAIL,45.482,310,1,150,83.161,38
S006,45.449,38,C,46.402,943,FAIL,46.379,322,0,150,83.077,38
S006,44.465,38,D,45.383,909,FAIL,45.366,312,1,150,88.931,38
S006,44.581,38,D,45.483,893,FAIL,45.465,306,1,150,88.873,38
S006,43.416,38,A,44.291,866,PASS,44.269,296,1,150,88.897,38
S006,45.459,38,B,46.385,917,FAIL,46.363,313,1,150,83.176,38
S006,44.118,38,A,45.029,902,FAIL,45.009,309,1,150,88.878,38
S006,45.727,38,D,46.592,856,PASS,46.577,294,1,150,88.889,38
S006,44.315,38,B,45.224,900,FAIL,45.203,308,1,150,83.12,38
S006,43.997,38,C,44.934,927,FAIL,44.913,317,0,150,83.176,38
S006,45.626,38,D,46.535,900,FAIL,46.515,308,1,150,88.97,38
S008,45.568,38,A,46.465,888,PASS,46.448,305,1,134,101.525,38
S008,45.584,38,C,46.436,843,PASS,46.423,291,1,134,98.926,38
S008,45.406,38,C,46.324,909,FAIL,46.305,311,1,134,98.914,38
S008,45.547,38,B,46.38,825,PASS,46.361,282,1,134,98.913,38
S008,45.387,38,D,46.271,875,PASS,46.254,300,1,134,101.502,38
S008,45.568,38,D,46.396,820,PASS,46.378,281,1,134,101.5,38
S008,45.546,38,A,46.412,857,PASS,46.406,298,1,134,101.507,38
S008,45.566,38,A,46.458,883,PASS,46.441,303,1,134,101.511,38
S008,45.531,38,C,46.455,915,FAIL,46.44,315,0,134,98.923,38
S008,45.585,38,C,46.461,867,PASS,46.449,299,1,134,98.914,38
S008,45.539,38,B,46.389,841,PASS,46.375,290,1,134,98.932,38
S008,45.589,38,B,46.499,901,FAIL,46.481,309,1,134,98.921,38
S008,45.541,38,A,46.45,900,FAIL,46.434,309,1,134,101.511,38
S008,45.576,38,A,46.439,854,PASS,46.422,293,1,134,101.511,38
S008,45.466,38,D,46.337,862,PASS,46.32,296,1,134,101.497,38
S008,45.567,38,D,46.456,880,PASS,46.435,301,1,134,101.495,38
S008,45.419,38,B,46.336,908,FAIL,46.317,311,1,134,98.921,38
S008,45.536,38,B,46.427,882,PASS,46.403,300,1,134,98.924,38
S008,45.315,38,C,46.196,872,PASS,46.174,298,1,134,98.934,38
S008,45.509,38,C,46.408,890,FAIL,46.396,307,1,134,98.913,38
S008,45.625,38,A,46.526,892,FAIL,46.506,305,1,134,101.506,38
S008,45.593,38,A,46.49,888,PASS,46.474,305,1,134,101.502,38
S008,45.542,38,D,46.424,873,PASS,46.413,302,1,134,101.498,38
S006,43.949,38,C,44.821,863,PASS,44.808,298,1,146,83.865,38
S006,44.093,38,D,44.959,857,PASS,44.942,294,1,146,88.443,38
S006,46.677,38,B,47.517,831,PASS,47.503,286,1,146,83.867,38
S006,45.438,38,A,46.288,841,PASS,46.274,290,1,146,88.443,38
S006,44.11,38,D,44.907,789,FAIL,44.891,271,0,146,88.439,38
S006,44.346,38,C,45.224,869,PASS,45.202,297,1,146,83.863,38
S006,44.302,38,A,45.135,825,PASS,45.114,281,1,146,88.436,38
S006,45.44,38,B,46.308,859,PASS,46.293,296,1,146,83.871,38
S006,45.442,38,A,46.214,764,FAIL,46.208,265,0,146,88.456,38
S006,44.304,38,C,45.176,863,PASS,45.156,295,1,146,83.88,38
S006,44.051,38,D,44.909,849,PASS,44.887,290,1,146,88.426,38
S006,44.352,38,C,45.105,745,FAIL,45.096,258,0,146,83.851,38
S008,45.558,38,A,46.419,852,PASS,46.413,296,1,134,101.507,38
S008,45.607,38,D,46.496,880,PASS,46.495,308,1,134,101.488,38
S008,45.531,38,D,46.408,868,PASS,46.391,298,1,134,101.507,38
S008,45.561,38,B,46.388,819,PASS,46.388,287,1,134,97.907,38
S008,45.559,38,C,46.451,883,PASS,46.449,308,1,134,97.907,38
S008,45.556,38,C,46.41,845,PASS,46.396,291,1,134,97.92,38
S008,45.575,38,D,46.469,885,PASS,46.45,303,1,134,101.493,38
S008,45.535,38,D,46.348,805,PASS,46.342,280,1,134,101.485,38
S008,45.552,38,A,46.407,846,PASS,46.402,294,1,134,101.512,38
S008,45.57,38,A,46.477,898,FAIL,46.452,306,1,134,101.513,38
S008,45.587,38,A,46.442,846,PASS,46.425,290,1,138,89.908,38
S008,45.631,38,D,46.508,868,PASS,46.504,302,1,138,89.917,38
S008,45.523,38,D,46.401,869,PASS,46.387,299,1,138,89.933,38
S008,45.531,38,B,46.392,852,PASS,46.368,290,1,138,91.403,38
S008,45.591,38,B,46.41,811,PASS,46.404,282,1,138,91.393,38
S008,45.515,38,C,46.384,860,PASS,46.39,303,1,138,91.396,38
S008,45.49,38,C,46.392,893,FAIL,46.375,307,1,138,91.401,38
S008,45.615,38,D,46.519,895,FAIL,46.503,308,1,138,89.916,38
S008,45.58,38,D,46.437,848,PASS,46.403,285,1,138,89.928,38
S008,45.518,38,A,46.421,894,FAIL,46.416,311,1,138,89.927,38
S008,45.665,38,A,46.555,881,PASS,46.537,302,1,138,89.909,38
S008,45.565,38,B,46.441,867,PASS,46.42,296,1,138,91.395,38
S006,45.768,38,B,46.563,787,FAIL,46.558,274,1,150,82.953,38
S006,44.456,38,A,45.34,875,PASS,45.322,300,1,150,88.888,38
S006,44.453,38,A,45.313,851,PASS,45.296,292,1,146,89.937,38
S006,45.676,38,C,46.208,527,FAIL,46.205,183,0,146,83.852,38
S006,44.412,38,C,45.274,853,PASS,45.25,290,1,150,82.945,38
S006,44.529,38,A,45.386,848,PASS,45.377,294,1,150,88.889,38
S006,45.684,38,B,46.583,890,FAIL,46.562,304,1,150,82.95,38
S006,43.76,38,B,44.217,452,FAIL,44.212,157,0,146,83.85,38
S006,44.449,38,D,45.316,858,PASS,45.3,295,1,146,89.941,38
S006,44.447,38,D,45.314,858,PASS,45.297,294,1,150,88.887,38
S006,44.006,38,D,44.904,889,PASS,44.889,306,1,150,88.895,38
S006,44.588,38,A,45.455,858,PASS,45.436,294,1,150,88.892,38
S006,44.55,38,A,45.4,841,PASS,45.381,288,1,146,89.939,38
S006,44.571,38,C,45.447,867,PASS,45.43,298,1,146,83.852,38
S006,44.047,38,C,44.933,877,PASS,44.911,299,1,150,82.947,38
S006,44.118,38,C,45.03,903,FAIL,45.007,308,1,150,82.946,38
S006,44.212,38,B,44.96,740,FAIL,44.944,254,0,150,82.955,38
S006,44.003,38,B,44.864,852,PASS,44.845,292,1,146,83.856,38
S006,44.445,38,D,45.34,886,PASS,45.323,304,1,146,89.942,38
S006,44.503,38,D,45.381,869,PASS,45.362,298,1,150,88.881,38
S006,44.113,38,B,45.017,895,FAIL,44.994,305,1,150,82.951,38
S006,44.165,38,A,45.055,881,PASS,45.034,301,1,150,88.888,38
S006,44.174,38,A,45.012,829,PASS,44.997,285,1,146,89.948,38
S006,45.804,38,C,46.751,937,FAIL,46.736,323,0,150,82.994,38
S006,44.385,38,C,45.224,830,PASS,45.211,286,1,146,83.855,38
S006,43.987,38,D,44.861,865,PASS,44.845,297,1,146,89.946,38
S006,44.279,38,B,45.137,849,PASS,45.122,292,1,146,83.86,38
S006,44.18,38,A,45.04,851,PASS,45.03,294,1,146,89.944,38
S006,44.113,38,D,45.008,886,PASS,44.983,301,1,146,89.938,38
S006,45.561,38,D,46.415,845,PASS,46.409,294,1,146,89.957,38
S006,44.224,38,C,45.077,844,PASS,45.065,291,1,146,83.865,38
S006,43.492,38,A,44.375,874,PASS,44.352,298,1,146,89.941,38
S006,44.295,38,B,45.15,846,PASS,45.134,291,1,146,83.858,38
S006,43.862,38,C,44.647,777,FAIL,44.612,260,0,146,83.852,38
S006,43.938,38,D,44.832,885,PASS,44.804,300,1,146,89.94,38
S006,43.441,38,B,44.294,844,PASS,44.272,288,1,146,83.856,38
S006,43.814,38,A,44.666,843,PASS,44.654,291,1,146,89.947,38
S006,43.554,38,C,44.436,873,PASS,44.423,301,1,146,83.85,38
S006,44.071,38,D,44.944,864,PASS,44.936,300,1,146,89.944,38
S006,44.51,38,C,45.408,889,PASS,45.389,305,1,146,83.854,38
S006,43.644,38,A,44.435,783,FAIL,44.419,268,0,146,89.921,38
S006,43.923,38,B,44.742,811,PASS,44.736,282,1,146,83.851,38
S006,44.216,38,B,45.027,803,FAIL,45.015,277,1,146,83.867,38
S006,44.028,38,C,44.908,871,PASS,44.896,301,1,146,83.84,38
S006,45.572,38,D,46.503,922,FAIL,46.484,316,0,146,89.906,38
S006,45.521,38,B,46.382,852,PASS,46.365,292,1,146,83.862,38
S006,44.566,38,A,45.433,858,PASS,45.424,297,1,146,89.947,38
S006,44.086,38,C,44.976,881,PASS,44.968,306,1,146,83.877,38
S006,44.193,38,B,45.014,813,PASS,45,280,1,150,82.951,38
S006,43.601,38,D,44.456,846,PASS,44.442,291,1,150,88.882,38
S006,43.689,38,D,44.496,799,FAIL,44.482,275,1,140,94.404,38
S006,43.591,38,D,44.449,849,PASS,44.432,291,1,140,94.94,38
S006,43.609,38,A,44.446,828,PASS,44.43,284,1,140,94.404,38
S006,44.344,38,A,45.24,887,PASS,45.224,305,1,150,88.889,38
S006,45.61,38,C,46.543,924,FAIL,46.52,315,0,150,82.946,38
S006,44.35,38,C,45.172,814,PASS,45.159,280,1,140,110.899,38
S006,44.514,38,A,45.355,832,PASS,45.341,287,1,140,94.959,38
S006,44.159,38,B,44.946,779,FAIL,44.947,273,1,140,112.279,38
S006,44.444,38,B,45.307,854,PASS,45.289,293,1,150,82.951,38
S006,44.454,38,D,45.262,800,FAIL,45.244,274,1,150,88.887,38
S006,43.549,38,D,44.358,801,FAIL,44.346,276,1,140,94.376,38
S006,43.793,38,C,44.662,860,PASS,44.646,296,1,150,82.95,38
S006,43.643,38,A,44.458,807,PASS,44.449,279,1,140,94.394,38
S006,43.836,38,A,44.741,896,FAIL,44.727,309,1,150,88.895,38
S006,44.056,38,C,44.863,799,FAIL,44.849,275,1,140,111.406,38
S006,45.59,38,C,46.426,827,PASS,46.409,284,1,140,112.272,38
S006,44.299,38,B,45.137,829,PASS,45.129,288,1,150,82.951,38
S006,45.567,38,B,46.389,814,PASS,46.376,280,1,140,113.315,38
S006,45.692,38,B,46.424,725,FAIL,46.41,249,0,140,110.397,38
S006,44.461,38,C,45.353,883,PASS,45.337,303,1,150,82.945,38
S006,45.695,38,C,46.627,923,FAIL,46.608,316,0,150,82.941,38
S006,44.485,38,A,45.345,851,PASS,45.331,293,1,150,88.883,38
S006,44.481,38,D,45.344,854,PASS,45.335,296,1,150,88.889,38
S006,44.549,38,C,45.456,898,FAIL,45.431,306,1,150,82.956,38
S006,45.654,38,A,46.523,860,PASS,46.506,295,1,150,88.883,38
S006,45.572,38,B,46.508,926,FAIL,46.484,316,0,150,82.952,38
S006,43.558,38,A,44.45,883,PASS,44.431,302,1,150,88.889,38
S006,43.714,38,C,44.596,873,PASS,44.576,299,1,150,82.954,38
S006,44.666,38,D,45.574,899,FAIL,45.554,308,1,150,88.888,38
S006,44.345,38,C,45.206,852,PASS,45.188,292,1,140,114.654,38
S006,45.484,38,A,46.359,866,PASS,46.343,298,1,150,88.885,38
S006,44.116,38,B,44.988,863,PASS,44.972,297,1,150,82.954,38
S006,44.542,38,D,45.269,720,FAIL,45.255,247,0,150,88.888,38
S006,44.282,38,C,45.186,895,FAIL,45.166,306,1,150,82.95,38
S006,44.395,38,B,45.178,775,FAIL,45.161,265,0,140,114.034,38
S006,45.612,38,B,46.519,898,FAIL,46.499,307,1,150,82.945,38
S006,44.244,38,A,45.086,833,PASS,45.077,289,1,150,88.879,38
S006,44.329,38,B,45.173,835,PASS,45.159,288,1,140,115.068,38
S006,44.117,38,A,44.936,811,PASS,44.925,280,1,140,95.395,38
S006,44.258,38,D,45.116,849,PASS,45.109,295,1,140,95.377,38
S006,44.336,38,D,45.185,840,PASS,45.173,290,1,140,95.397,38
S006,44.308,38,C,45.141,825,PASS,45.131,285,1,140,112.918,38
S006,45.573,38,A,46.401,820,PASS,46.388,282,1,140,94.936,38
S006,44.177,38,B,44.949,764,FAIL,44.937,263,0,140,114.343,38
S006,44.096,38,A,44.952,847,PASS,44.946,294,1,140,95.396,38
S006,44.421,38,C,45.288,858,PASS,45.273,295,1,140,115.38,38
S006,44.5,38,A,45.349,840,PASS,45.334,289,1,140,94.963,38
S006,44.067,38,B,44.839,764,FAIL,44.842,268,0,140,113.886,38
S006,44.084,38,D,44.897,805,PASS,44.885,277,1,140,94.94,38
S006,45.787,38,D,46.662,866,PASS,46.647,298,1,140,94.953,38
S006,44.266,38,B,45.076,802,FAIL,45.065,277,1,140,113.571,38
S006,44.177,38,A,45.016,830,PASS,44.999,285,1,140,94.956,38
S006,44.347,38,C,45.196,840,PASS,45.193,293,1,140,113.812,38
S006,44.407,38,D,45.257,841,PASS,45.247,291,1,140,94.932,38
S006,45.781,38,C,46.617,827,PASS,46.605,285,1,140,113.389,38
S006,44.374,38,C,45.242,859,PASS,45.227,296,1,150,82.955,38
S006,45.597,38,C,46.518,912,FAIL,46.5,313,1,150,82.944,38
S006,45.523,38,B,46.422,890,FAIL,46.402,305,1,150,82.949,38
S006,45.624,38,B,46.504,871,PASS,46.487,299,1,150,82.96,38
S006,44.278,38,B,45.144,857,PASS,45.129,295,1,150,82.96,38
S006,45.806,38,D,46.695,880,PASS,46.681,303,1,150,88.912,38
S006,44.311,38,D,45.171,851,PASS,45.156,293,1,150,88.884,38
S006,44.382,38,C,45.285,894,FAIL,45.267,307,1,150,82.951,38
S006,44.589,38,A,45.456,858,PASS,45.439,294,1,150,88.886,38
S006,44.299,38,A,45.149,841,PASS,45.136,290,1,150,88.889,38
S006,45.665,38,C,46.599,924,FAIL,46.578,316,0,150,82.954,38
S006,43.724,38,C,44.591,858,PASS,44.589,300,1,150,82.951,38
S006,44.461,38,D,45.36,890,FAIL,45.342,305,1,150,88.875,38
S006,44.294,38,B,45.146,843,PASS,45.142,294,1,150,82.95,38
S006,44.316,38,B,45.194,869,PASS,45.175,298,1,150,82.956,38
S006,44.22,38,D,45.097,868,PASS,45.08,298,1,150,88.882,38
S006,44.372,38,A,45.18,800,FAIL,45.173,277,1,150,88.892,38
S006,45.618,38,A,46.419,793,FAIL,46.406,273,1,150,88.89,38
S006,44.349,38,C,45.234,876,PASS,45.221,302,1,150,82.95,38
S006,44.279,38,C,45.145,857,PASS,45.13,295,1,150,82.953,38
S006,44.512,38,A,45.315,795,FAIL,45.301,273,1,150,88.908,38
S006,44.213,38,B,45.075,853,PASS,45.057,292,1,150,82.98,38
S006,45.748,38,B,46.587,830,PASS,46.572,285,1,150,82.946,38
S006,44.432,38,D,45.259,819,PASS,45.247,282,1,150,88.871,38
S006,44.389,38,D,45.299,901,FAIL,45.283,310,1,150,88.901,38
S006,43.716,38,A,44.545,821,PASS,44.532,283,1,150,88.864,38
S006,44.282,38,A,45.157,866,PASS,45.137,296,1,150,88.887,38
S006,44.347,38,A,45.201,845,PASS,45.187,291,1,150,88.898,38
S006,43.568,38,C,44.442,865,PASS,44.426,297,1,150,82.953,38
S006,45.494,38,C,46.435,931,FAIL,46.414,319,0,150,82.976,38
S006,45.704,38,C,46.608,895,FAIL,46.608,313,1,150,83.183,38
S006,44.445,38,B,45.17,718,FAIL,45.158,247,0,150,83.015,38
S006,45.595,38,B,46.489,885,PASS,46.471,303,1,150,82.947,38
S006,43.549,38,D,44.451,893,FAIL,44.441,309,1,150,88.875,38
S006,45.612,38,D,46.518,897,FAIL,46.505,309,1,150,88.894,38
S006,44.648,38,D,45.57,913,FAIL,45.55,312,1,150,88.907,38
S006,45.463,38,A,46.337,865,PASS,46.321,297,1,150,88.886,38
S006,44.264,38,A,45.128,855,PASS,45.11,293,1,150,88.893,38
S006,44.174,38,C,45.046,863,PASS,45.031,297,1,150,82.951,38
S006,45.416,38,D,46.309,884,PASS,46.291,303,1,140,95.409,38
S006,44.232,38,D,45.094,853,PASS,45.084,295,1,140,95.39,38
S006,45.554,38,B,46.358,796,FAIL,46.348,275,1,140,114.514,38
S006,43.67,38,B,44.49,812,PASS,44.475,279,1,140,113.877,38
S006,44.164,38,D,45.022,849,PASS,45.008,292,1,140,95.382,38
S006,44.384,38,C,45.262,869,PASS,45.246,299,1,140,113.786,38
S006,44.136,38,C,44.968,824,PASS,44.958,285,1,140,114.81,38
S006,43.416,38,A,44.201,777,FAIL,44.188,267,0,140,95.389,38
S006,44.469,38,A,45.322,844,PASS,45.307,290,1,140,95.398,38
S006,44.194,38,C,45.017,815,PASS,45.003,280,1,140,113.912,38
S006,43.671,38,D,44.515,835,PASS,44.502,288,1,140,95.395,38
S006,43.793,38,D,44.697,895,FAIL,44.675,306,1,140,95.382,38
S006,43.817,38,B,44.61,785,FAIL,44.599,271,0,140,113.99,38
S006,44.169,38,B,44.984,807,PASS,44.963,275,1,140,115.668,38
S006,44.491,38,B,45.284,785,FAIL,45.273,271,0,140,113.916,38
S006,45.565,38,C,46.419,845,PASS,46.405,291,1,140,113.407,38
S006,44.431,38,C,45.283,843,PASS,45.27,291,1,140,113.987,38
S006,45.709,38,A,46.54,823,PASS,46.538,287,1,140,95.394,38
S006,45.759,38,A,46.639,871,PASS,46.63,302,1,140,95.381,38
S006,44.183,38,D,45.085,893,FAIL,45.07,307,1,140,95.392,38
S006,44.41,38,D,45.289,870,PASS,45.281,302,1,140,95.393,38
S006,45.655,38,D,46.515,851,PASS,46.511,297,1,140,95.392,38
S006,45.671,38,B,46.476,797,FAIL,46.472,277,1,140,113.926,38
S006,44.271,38,B,45.126,846,PASS,45.115,292,1,140,113.814,38
S006,43.527,38,C,44.446,910,FAIL,44.43,313,1,140,113.988,38
S006,44.107,38,A,44.951,835,PASS,44.937,288,1,140,95.412,38
S006,44.455,38,B,45.292,828,PASS,45.277,285,1,140,114.394,38
S006,44.028,38,B,44.84,804,FAIL,44.825,276,1,140,113.956,38
S006,44.526,38,C,45.424,889,PASS,45.409,306,1,140,114.384,38
S006,44.111,38,D,44.892,773,FAIL,44.88,266,0,140,95.381,38
S006,45.612,38,C,46.526,905,FAIL,46.509,311,1,140,113.942,38
S006,44.475,38,D,45.286,803,FAIL,45.274,277,1,140,95.482,38
S006,43.968,38,A,44.825,848,PASS,44.807,291,1,140,95.39,38
S006,44.082,38,D,44.898,808,PASS,44.883,277,1,140,95.392,38
S006,43.786,38,A,44.632,837,PASS,44.628,292,1,140,95.347,38
S006,44.461,38,C,45.338,868,PASS,45.314,296,1,140,113.971,38
S006,43.37,38,C,44.243,864,PASS,44.221,295,1,140,113.911,38
S006,45.539,38,B,46.347,800,FAIL,46.341,278,1,140,113.925,38
S006,45.623,38,B,46.442,811,PASS,46.433,281,1,140,113.952,38
S006,43.465,38,A,44.255,782,FAIL,44.239,268,0,140,95.396,38
S006,44.635,38,A,45.466,823,PASS,45.451,283,1,140,95.386,38
S006,43.669,38,D,44.424,747,FAIL,44.416,259,0,140,95.399,38
S006,45.67,38,D,46.543,864,PASS,46.522,295,1,140,95.385,38
S006,44.613,38,B,45.44,819,PASS,45.42,280,1,140,113.928,38
S006,44.185,38,C,45.095,901,FAIL,45.083,311,1,140,113.968,38
S006,45.578,38,B,46.445,858,PASS,46.436,297,1,140,113.956,38
S006,44.621,38,C,45.499,869,PASS,45.48,298,1,140,113.898,38
S006,44.478,38,A,45.337,850,PASS,45.319,291,1,150,88.873,38
